Source,Predicted,Target
sikhaaega,सिछौएगढ,सिखाएगा
learn,लिरन,लरन
twitters,टविचरो,टविटरस
tirunelveli,टिरणॉवळी,तिरनलवली
independence,इदिपजो,इडिपडस
speshiyon,सपशियो,सपशियो
shurooh,षरो,शरः
kolhapur,कोलहापर,कोलहापर
ajhar,एझा,अजहर
karaar,कराउ,करार
anka,एना,अक
wpd,वमदिडी,डबलयपीडी
haashie,हाषिए,हाशिए
glendale,गलदा,गलडल
udhed,ऊढि,उधड
ekthi,ऐकठी,इकठठी
idea,आईडीयसप,आईडिया
ambikapur,आमबिचापर,अमबिकापर
makerere,मकरि,माकरर
saboodaane,सभदान,साबदान
foohadta,फखदता,फहडता
sequent,सीचटन,सकवट
shueb,थब,शऐब
panihati,पणिभाटी,पानीहाटी
sametati,समताि,समटती
ukhrul,औखरल,उखरल
brahmlin,बरहमलन,बरहमलीन
utaraadhikaaree,ऊतगणधिकावी,उतराधिकारी
iqbal,इकबॉल,इकबाल
dayaalapuraa,दयौलपरण,दयालपरा
sohrai,सोहराइ,सोहराई
takreeban,तकरीबन,तकरीबन
farrukhnagar,फरषखनगढ,फररखनगर
theinga,हगा,ठगा
tyoiharon,टयौहारॉनणणढ,तयौहारो
karneshvardhaam,कॉणशवरधाम,करणशवरधाम
umanath,ऊदनःथ,उमानाथ
daanshil,दाशिल,दानशील
saahityotsav,साहिटयोतरव,साहितयोतसव
shantiniketan,शॉतीनिकठण,शातिनिकतन
shikayatkarta,शिखआयटौरता,शिकायतकरता
andarkhane,ऐदरखान,अदरखान
panter,फनर,पटर
leedaron,लीडाो,लीडरो
galgand,गलिण,गलगड
kaarniyaan,कॉरणिया,कारनिया
murgipaalan,मरजिपालन,मरगीपालन
mushahid,मशाहिद,मशाहिद
modules,मोडलस,मॉडयलस
rajouri,राओौमी,रजौरी
sushrushaa,सभरथा,सशरषा
shringaar,षिाो,शगार
holt,हॉलट,होलट
laigikata,लगीकता,लगिकता
ijaajat,ईझाओत,इजाजत
vankshetra,वकषटर,वनकषतर
bhutal,हटा,भतल
swaadpremiyon,सवाऊपरमियो,सवादपरमियो
nineteez,निउटीज,नाइनटीज
frektar,फरिता,फरकटर
likhkar,लिखकर,लिखकर
eyarkandeeshnar,ऐयारकडदशनर,एयरकडीशनर
nabz,नाज,नबज
quess,कवि,कएस
bouni,बोनि,बौनी
kaaragujaariyaan,कॉरघजञवियो,कारगजारिया
gaangnam,गौउनम,गागनाम
tapia,तपिया,तापीया
tezpur,तवपर,तजपर
talve,ताव,तलव
seemaai,सिमाई,सीमाई
darshnaarthi,दरशनापथि,दरशनारथी
rivas,रिवास,रिवास
tarkvaad,तरकवाद,तरकवाद
anusaarakaa,ऐनसौरका,अनसारका
coachella,कोउनला,कोचला
latakakar,लतकनर,लटककर
patravaliyan,पॉरवळीयो,पतरावलिया
parishad,परिशड,परिषद
spinj,सपिजोोआईझझझझ,सपिनज
anshida,ऐशिदा,अनशिदा
dejesus,दिसो,डिजीसस
saraaymohiuddinpur,सरबऊोहौडिऔदीनपढ,सरायमोहिउददीनपर
lowell,लोवर,लॉवल
capacitor,कपीजटर,कपसिटर
passengerjind,पासगरघिद,पसजरजीद
granthiyon,गरथियो,गरथियो
buena,बिना,बएना
canterbury,कतरबधी,कटरबरी
kaathiyavadi,कौठियावढडी,काठियावडी
tekchandani,टकधदानी,टकचदानी
fisad,फिसाद,फीसद
beraharamee,बरहापी,बरहरमी
nishkarshah,निशकरमठ,निषकरषः
activities,एकटावॉषीज,ऐकटिविटीज
rikailleebreshan,रिकलईबघशन,रिकलीबरशन
shasanadhikaariyon,शणतनदखबकारियो,शासनाधिकारियो
fijoolkharchi,फिजलखरची,फिजलखरची
dablyoopeedee,दालयोरणणी,डबलयपीडी
pace,फा,पस
dastar,दसतर,दसतार
catlin,कालिन,कटलिन
joddta,जोडमता,जोडता
killat,किलट,किललत
gruhnagar,गौखनदप,गहनगर
wonder,गॉर,वडर
vatar,वटर,वाटर
shving,शविग,शविग
pashtun,पशतन,पशतन
farm,फारम,फारम
dibanu,दिभा,डिबन
pashchamee,पशचमी,पशचमी
uthapatak,ऊहादटक,उठापटक
nilaabh,नीलाऊ,नीलाभ
laxmeeniyaan,लॉषमणिया,लकषमीनिया
mahaanagarawaasiyon,महानगरवासियो,महानगरवासियो
upneta,यपनटा,उपनता
convention,कावशन,कनवशन
sharp,शाप,शारप
kaaryayojana,कारयवोगनः,कारययोजना
maas,हासोीीईऽञञञ,मास
westing,वसटिग,वसटिग
kurvetee,करवती,करवती
jyaada,जयाडो,जयादा
mukeshvari,मकषवरी,मकशवरी
shrimati,शरीमाि,शरीमति
vivekadhikaron,विजकडधीकारो,विवकाधिकारो
loksabhavalee,लोकषभवणिी,लोकसभावाली
kabahaa,कभहा,कबहा
bhraantiyon,भरानियो,भरातियो
vivekahin,विजकहीन,विवकहीन
balmiki,गावमिकी,बालमीकि
haryana,हरिोना,हरयाणा
jivraj,झिवराो,जीवराज
flynn,फलिनो,फलिन
rana,रणा,राणा
vishnupura,विषणपरा,विषणपरा
ghotaalebaajon,घोटअलबाजन,घोटालबाजो
hairatangenz,हपतगण,हरतअगज
takaleephadeh,तालीफदह,तकलीफदह
peepaadh,फीआाध,पीपाड
dhabhaashaaraa,धबॉषकरण,धभाशारा
antdiyan,ऐतदिया,अतडिया
robin,रॉबिन,राबिन
singar,सिगा,सिगार
gumshudagi,गमशडाी,गमशदगी
balkrishna,बॉकषणो,बालकषण
phabti,घॉती,फबती
palatne,पलतन,पलटन
lahlahaati,लॉगभाति,लहलहाती
nagaada,नगढडा,नगाडा
udanen,ईडा,उडान
klein,कविन,कलन
juloos,गलस,जलस
karyabhar,कारयभढउ,कारयभार
manto,माो,मटो
paimaish,फािश,पमाइश
covina,कोविना,कोविना
penshan,पशाो,पषन
ogastaavestalaind,ओगसनावशथलड,ऑगसटावसटलड
centreeng,कटरिग,सटरीग
activa,एकटिवा,ऐकटिवा
barker,बाको,बारकर
valkan,वॉकन,वलकन
vruton,वयटन,वततो
kabaddi,कभलदि,कबडडी
raunakh,रौनख,रौनक
caitlyn,कटलिन,कटलिन
phoos,फस,फस
jangadnaa,जघदना,जनगणना
upakhyaanon,ऊपखयानो,उपाखयानो
sundram,सनराम,सदरम
cochin,कोशिन,कोचीन
neko,नको,नको
kaushal,कौशा,कौशल
phaliya,घलिया,फालिया
acevedo,एकवडो,एसवडो
kottayam,कोटनयम,कोटटयम
dilaaega,दिलौऊगर,दिलाएगा
kurvi,करवी,करवी
saunpengi,सौनगी,सौपगी
lekhan,लखाो,लखन
gudepu,गडप,गडप
pharase,हरस,फरस
nubiya,नबिया,नबिया
taja,टजो,ताजा
aantrit,घतर,आतरित
qazi,काजी,काजी
murgipalan,मरजिपालन,मरगीपालन
eddy,ईदी,एडडी
nagine,नबिइ,नगीन
subha,सभा,सबहा
luis,लिजोरएससशऽऽऽझ,लइस
vijayapuram,विजयपरम,विजयापरम
bataao,कटाओ,बताअा
ochoa,ओशोह,ओकोआ
science,सागोर,साइस
sarkarein,सरकय,सरकार
bremerton,बरियटन,बरमटन
gurupado,गरपाडो,गरपदो
sanyukt,सयकत,सयकत
raalod,राउोद,रालोद
baadhaon,बाधॉओ,बाधाओ
gaumutra,गौमतरा,गौमतर
sabhaen,सभाए,सभाए
tani,ताी,तनी
delhi,दलही,दिलली
suken,सकन,सजन
vineet,विनीत,विनीत
chimate,किमत,चिमात
kikiyana,खिलीयौना,किकियाना
rocket,रॉकट,रॊकट
maxwell,मकसवो,मकसवल
hippo,हिपटो,हिपपो
deepan,दिपा,दीपन
arymaa,एरिमा,अरयमा
bhulata,हलता,भलता
karmaacharee,करमाचहि,करमाचारी
durgapur,दरगापय,दरगापर
tribhaashaa,तरिभॉषण,तरिभाषा
soodkhoron,सदखोरॉ,सदखोरो
prastaavon,परसतावो,परसतावो
survin,सरविन,सरवीन
prapti,पराति,परापती
girivaasiyon,गिरीवासियो,गिरिवासियो
siducing,साउकटग,सिडयसिग
welwet,वॉचट,वलवट
muqarrar,मकरिो,मकररर
baxter,बॉसटर,बकसटर
denier,डनियर,डनिअर
cw,सीवा,सीडबलय
uthani,यथाि,उठनी
ghasi,गाि,घासी
ikattha,ईकतघा,इकटठा
bhupsingh,ऊपसिह,भपसिह
dabochne,डाभोचन,दबोचन
crosby,करोसबी,करॉसबी
naameegiraamee,नौइगिरहषी,नामीगिरामी
hurley,हरली,हरल
jarda,गरदा,जरदा
liepradhanmantri,लिपरघानमटतर,लिएपरधानमतरी
bhranti,हरणि,भराति
agencyyon,एगशियो,ऐजसियो
bago,बाो,बागो
forcee,फोरसी,फारसी
bosaan,बोसान,बोसान
karki,कामी,कारकी
ginate,गिनत,गिनत
manokaamnaaon,मणोकापगाओ,मनोकामनाओ
sammpattiyaan,समपटठिया,समपततिया
politheenon,पालीभियो,पॉलिथीनो
mtake,मता,एमटक
parichar,परिचा,परिचर
badabadee,बढररईिन,बडबडी
crane,करा,करन
laamiyaan,लॉमियो,लामिया
ulhasnagar,ऊलहसनगर,उलहासनगर
prabhanmantri,परछानमटकि,परभानमतरी
shiwalapurwa,शिवॉलपरमा,शिवालापरवा
ferth,फरथ,फरथ
suhagin,सहागीन,सहागिन
saraikela,सरखइो,सरायकला
romeoville,रौउीविल,रोमियोविल
raajsthanvasiyon,राजफथहवशसियो,राजसथानवासियो
pratirodhaatmak,परजिगोधातमक,परतिरोधातमक
svarnikaa,सवरणिका,सवरणिका
vyavasthapana,वयगसथपनन,वयवसथापना
tel,टी,तल
galatfahmi,गलतफहमी,गलतफहमी
takeinsider,टॉनसाइडर,टकइनसाइडर
microfiber,मायकरोफीईबर,माइकरोफाइबर
shreemahapoorn,शरीमहपटण,शरीमहापरण
fallujaa,फलजआ,फललजा
donaldson,दोणालसशन,डोनलडसन
chadhne,छान,चढन
jeevvigyaaniyon,जीवभिघञानियो,जीवविजञानियो
cricketing,कराइटलग,करिकटिग
reduction,रिएकशन,रिडकशन
awaazen,आवाजन,आवाज
wlaad,वलाद,वलाद
prathmik,पराधमक,पराथमिक
thenga,हगा,ठगा
excel,एकसाल,एकसल
chatakaate,छटकाउ,चटकात
kubuddin,कभडधीन,कबददीन
taaza,तौजो,ताजा
padani,पडवनी,पडनी
nichaai,निचाई,नीचाई
wausau,गॉषशथईएएएऔछछ,वौसौ
aalochakon,आलोचकॉ,आलोचको
jaljale,जलदा,जलजल
surat,सरा,सरत
jeevati,जीवति,जीवति
prahaarak,परःादक,परहारक
shreesadguru,शरीसाघढ,शरीसदगर
sanchalanon,सचलणो,सचालनो
bhal,हॉ,भाल
tughlaq,तघलक,तगलक
uthaapatak,ऊथापटक,उठापटक
hastaantaraneey,हसटानरणीय,हसतातरणीय
utsaahawarddhan,उतसाहवरदधन,उतसाहवरदधन
sangoshtree,साोशटरी,सगोषटरी
shaasanadhikariyon,शौसनधीमकारियो,शासनाधिकारियो
mahadhipatiyon,महाडीपतियो,महाधिपतियो
fatima,फतिमा,फातिमा
fode,फोद,फोड
kantinyoo,कतिणयो,कटिनय
kaamanaen,कामणघए,कामानाए
chutile,खतिल,चटील
sankhyaen,सखयाए,सखयाए
kranj,करन,करज
barsata,बरसता,बरसाता
parikalpit,परीकलषित,परिकलपित
harpal,हरपाल,हरपाल
maaoont,हाटो,माऊट
grover,गरोवय,गरोवर
biolozis,बायौलॉजीस,बायोलॉजिस
halisahar,हलिसाझर,हालिशहर
angelo,एजलो,एजलो
janeudharee,जनउहरी,जनऊधारी
bichbachaav,बिचगधाव,बीचबचाव
pokar,पोकर,पोकर
apvartit,एपवाथित,अपवरतित
aastin,बसटीन,आसतीन
pratishthaavaale,परतिशठावॉल,परतिषठावाल
buenaventura,बइवनतरा,बयनावचरा
deccan,डिटा,डककन
seriw,सरीव,सरिव
pardaa,परदा,परदा
emile,एमिल,एमिल
shaili,फली,शली
eastvale,ईसतवॉ,ईसटवल
chhallaa,छोता,छलला
lakshyon,लकषयो,लकषयो
hoaf,होऊफ,हॉफ
jarurih,जरभीह,जररीः
rahya,रघया,रहया
mahkane,महकन,महकन
devi,दवी,दवी
nielsen,निलसो,नीलसन
bhira,हिरा,भीरा
chabutare,हबतर,चबतर
bhushan,हषणो,भषण
rukte,रकत,रकत
aamdani,आमडाणी,आमदनी
talkshow,ताकषोव,टॉकशो
junagadh,जनाघढ,जनागढ
padhata,पढतटा,पढाता
odhakar,ऊधार,ओढकर
broke,बरोक,बरोक
talaasha,तलाषन,तलाशा
parivaarwaale,परिवाधखळल,परिवारवाल
trubyunal,टरबयणा,टरिबयनल
brock,बरॉकस,बरोक
yallaappaa,यलगापढ,यललापपा
tasvaron,तसवरो,तसवारो
tugalaki,तगलकी,तगलकी
pick,पिकसन,पिक
circulation,सायचलशन,सरकिलशन
jvar,जीा,जवार
kanindham,कणिघढम,कनिघम
kush,कश,कश
properfacebuk,परोएगघसबकत,परॉपरफसबक
ashrafi,आशराफी,अशरफी
chadhen,छान,चढ
vangchuk,वॉचक,वागचक
honeywell,होएवल,हनीवल
radiumdharmee,ऋडिउोधामी,रडियमधरमी
ladhege,लधग,लडग
sachan,सछान,सचन
arthshastriyon,आरथशासटकियो,अरथशासतरीयो
canton,काो,कटन
aatmamugdha,आतमबघढा,आतममगध
pontiac,पोटियकस,पॉनटिएक
lopez,लोपज,लोपज
ghontanaa,झोटना,घोटना
ambani,एबानी,अमबानी
maryadaon,मरिदडौओ,मरयादाओ
ratlam,रतलम,रतलाम
hercules,हरकलस,हरकयलिस
akola,एकोला,अकोला
sakshan,सकषण,सकशन
notbandeeshuda,नोटबडीषधा,नोटबदीशदा
lagavaatee,लगवती,लगवाती
alive,एलिव,अलाइव
jivant,जिवनो,जीवत
foda,फोदा,फोडा
fatahee,फतही,फटही
noobiyaa,नबिया,नबिया
lalmanee,लॉउमणि,लालमणी
faisala,फसवला,फसला
krutyaa,करिया,कतया
dhuan,हआनाीीसससञ,धआ
ahuja,ऊहजा,आहजा
pratipaalpur,परतिफालकध,परतिपालपर
namkeen,नॉकीण,नमकीन
manjilen,मजिलो,मजिल
laffaajee,लॉझाजी,लफफाजी
juraab,जराब,जराब
fulae,फला,फलाए
castalloy,कसटलॉयो,कसटालॉय
black,बलाट,बलक
sooraj,सराज,सरज
bronch,बरोन,बरॉनच
avarnataa,आवरणता,अवरणता
johari,जोहरी,जोहरी
tevree,तवरी,तवरी
sanders,सदरो,सडरस
welder,विडर,वलडर
eneeyoo,ऐनीयोाकळढढझझझझ,एनईय
bharashtachaariyon,भरषटचााइियो,भरषटाचारियो
laalmanee,लाऊमणी,लालमणी
khaatedaar,खॉउदार,खातदार
aazmaanaa,आजमॉना,आजमाना
aavrittiyon,डवटियो,आवततियो
kullawee,कोरावी,कललवी
bahawalpur,बहवळलपर,बहावलपर
prathmikta,परथधमिकता,पराथमिकता
mobile,मोबिल,मोबाइल
katihar,कटिहार,कटिहार
swecha,सवचा,सवचछा
haamidan,हॉमिदनण,हामिदन
samdharshni,समधरषणी,समदरशिनी
dridh,दषि,दढ
gond,गोउ,गोद
wishesh,विशो,विशश
kaabilegour,काबिलघोर,काबिलगौर
laurense,लॉरस,लौरस
hisham,हिषा,हिशाम
chausinga,खौसिगा,चौसिगा
pafin,पॉिन,पफिन
mate,हत,मट
buildcon,बिलडको,बिलडकॉन
teekon,टिको,टीको
athak,ऐथक,अथक
jindagee,जिदाी,जिदगी
chayal,हयॉल,चायल
maap,हाप,माप
last,लात,लासट
gajra,गॉरा,गजरा
ratrichar,रतमीचय,रातरिचर
kaathalaa,कौघला,काथला
sahuuliyata,सहलियता,सहलियत
pattnaik,पॉगनकय,पटनायक
nyayalayeen,नयाइलमीग,नयायालयीन
mukhyamantriyon,मखयातरिओो,मखयमतरिया
jeetanewalon,जीतणनवॉलो,जीतनवालो
swaphoto,सवाथौटन,सवफोटो
clifton,कलिफटन,कलिफटन
doda,दोआा,डोडा
pendulum,पणलम,पडलम
chipakane,चिपकण,चिपकन
nalakasa,नलकषसो,नलकसा
chhah,झा,छह
gond,गौउदीससचङऔऔऽ,गोड
sameekshaakartaa,सवीषणकरता,समीकषाकरता
mantripad,मणरिपद,मतरीपद
liberation,लिबरथन,लिबरशन
asamaany,ऐसमानी,असमानय
chungiyon,खगियो,चगियो
arica,एरिका,एरिका
balot,बलोट,बलोट
thin,थिन,थी
formic,फॉरमिक,फारमिक
yuddhak,यदधक,यदधक
vegas,वगास,वगास
las,लाोनएफफऽऽऽऋझ,लासट
chitranshi,चितरणव,चितराशी
avranta,ऐवरणा,अवरणता
wasting,वॉषटिग,वसटिग
vitark,विटाक,वितरक
mukabaale,मकभाल,मकबाल
dharmapoorwee,धरमपोवी,धरमपरवी
ambaani,अमानी,अबानी
ibija,इबिजा,इबीजा
mahamedia,महॉइडिया,महामीडिया
suzlon,सवलोन,सजलोन
varnit,वॉणित,वरणित
jhuthlane,झठलण,झठलान
madurai,मदराइ,मदरई
kaundal,कोडल,कौणडल
lapatta,लपतिा,लापतता
kshin,कषिन,कषीण
tewaree,टवारी,तवरी
raichur,रिइचो,रायचर
lindon,लिदॉ,लिडन
pulama,पलमन,पलमा
olraunder,ओलराउडर,ऑलराउडर
garibon,गाीबोन,गरीबो
callahan,कलराह,कालाहान
wabag,वकबनग,वाबाग
kaipdhari,कपघाि,कपधारी
atta,एटिा,आटा
bareli,बरली,बरली
jing,जिग,जिग
jivan,जिवा,जीवन
reddy,रदी,रडडी
pehni,फहणी,पहनी
tanu,टन,तन
deepika,दीपिका,दीपिका
lohati,लोहति,लोहाती
kakkad,कािड,कककड
maulviyon,मौलवियो,मौलवियो
dungarpur,दगापर,डगरपर
zaalaanaa,जाऊनध,झालाना
lakme,लकम,लकम
prospectus,परॉजीकटन,परोसपकटस
westinghouse,वसटिघौउक,वसटिगहाउस
bawara,बवनरो,बावरा
thakkr,थािर,ठककर
ichchhaachaaree,इशछाधयरी,इचछाचारी
triya,तरिया,तरिया
dhavakon,हवको,धावको
damle,डाल,दामल
shravanabelagola,शरवनकबिगोडा,शरवणाबलागोला
nilkamal,नीलकमा,नीलकमल
karmacharee,करमचहउी,करमाचारी
poorwottar,परवोटचा,परवाततर
lehrayi,लहरायी,लहराई
haito,हतो,हतो
prakaandh,परकाध,परकाणड
khelmantree,खलमनरी,खलमतरी
bhavishya,भविषय,भविषय
egmor,ईगमोर,एगमोर
shringar,फरगा,शगार
saupengee,सौपगी,सौपगी
knoxville,कौनबसविल,नॉकसविल
bender,गनर,बडर
sundaram,सनरम,सदरम
pradesh,परदश,परदश
samvedikaran,सवदिकरण,सवदीकरण
laguna,लगणा,लगना
bhisham,हिषा,भीषम
yemmiganur,यमबिगणर,यममिगनर
huhtamaki,हौतादकी,हहतमाकी
vadli,वॉली,वडाली
gail,गािउएएलओचऽऽऽ,गल
race,रस,रस
salazar,सॉवजजर,सालाजर
diphtheria,डिफथरीया,डिपथीरिया
dradh,दरघ,दढ
shadadhi,षडधि,शदधि
prabodhini,परबोधिणी,परबोधिनी
lokpratinidhiyon,लॉकपरतीनिधञयो,लोकपरतिनिधियो
jatati,जठाि,जताती
mangla,मगला,मगला
berwyn,बरविन,बरविन
mum,मि,मम
udaygadhi,ऊदयगढि,उदयगढी
akapulko,आचापलिो,अकापलको
vaidhruti,वधरटि,वधति
charanbaddh,खरणबदध,चरणबदघ
mandadi,मणाली,मनदडी
euclid,ईकलाद,यकलिड
paarampariktaa,पौरममीकतः,पारपरिकता
hafate,हपत,हाफत
sathiya,सथिया,साथिया
sanghiyataa,सघियता,सघीयता
mukhyaatithiyon,मखयातीघिओो,मखयअतिथियो
vyavasthavirodhi,वयगसथामिरोधी,वयवसथाविरोधी
raktadaataaon,रकटदातौओ,रकतदाताओ
baramade,बरपमडद,बरामद
tarutal,तरिल,तरतल
kutta,कठमा,कतता
jhaadaa,झौदय,झाडा
kishun,किशन,किशन
schaeffler,शालर,सकफलर
amrohi,अमरोही,अमरोही
raidical,रदिकॉ,रडिकल
jenner,जनर,जनर
varshiya,वरषिया,वरषिय
hasino,हसिनो,हसीनो
shaavakon,शावको,शावको
rupa,रिा,रपा
swaarthparak,सवाऊथपरक,सवारथपरक
weronika,वरोनिका,वरोनिका
webb,वभथ,वब
mahapatra,महापतरण,महापातरा
chenkein,खकोि,छीक
agra,एगरा,अगर
jiyaangkou,जिआागकोउ,जियागकोऊ
westwork,वसटाॉक,वसटवरक
janaganna,जञभगणि,जनगणना
pasco,पशको,पासको
jadhav,जाहव,जाधव
enterprise,एटरपरिईज,एटरपराइज
sanshayon,सथयो,सशयो
varnavyavasthaavaadiyon,वरणञञसषथाउॉदिको,वरणवयवसथावादियो
upasthiyon,ईपसथियो,उपसथियो
mudichu,मडिचा,मडिच
parnstaron,पढणसटाो,परनसटारो
ia,टईएमररररऔछछझझ,ईए
baila,बिा,बला
livaal,लिवाऊ,लिवाल
hillsboro,हिलसबॉरो,हिलसबोरो
rashtriyadhyaksha,ऋॉषटवियाधयकछः,राषटरियाधयकष
peedablyootee,पणडबलयोट,पीडबलयटी
thousand,थौउडन,थाउजड
shaakir,हाइिर,शाकिर
salahkaar,सलहकआर,सलाहकार
vishwakarma,ऋिशयकरमा,विशवकरमा
ridge,रिडज,रिज
swaasthyaheenataa,सवॉषथहीणगतः,सवासथयहीनता
rishvatkhor,ऋिशवतौढ,रिशवतखोर
praavinses,पराविनस,पराविसस
daftarvaale,दफतरवाल,दफतरवाल
physician,फाजीचन,फिजिशियन
log,लोग,लोग
jodhika,जोधिका,जोधिका
sevalaa,सवला,सवाला
doobat,ढबत,डबत
sipah,सिपाह,सिपाह
bharamaa,हरमा,भरमा
prtigyaa,परतिजञा,परतिजञा
meghwal,मघवॉल,मघवाल
nandoi,नदोइ,नदोई
aurora,यरोडा,ऑरोरा
formuley,फारमली,फारमल
durghtna,दरघटना,दरघटना
swatantrasingh,सवॉनरोिह,सवततरसिह
monterey,मोतरी,मोटर
baalti,बावटी,बालटी
columbia,कोउमबिया,कोलबिया
whittier,वहातीयर,वहिटियर
dukke,दकत,दकक
cubeck,डयबि,कयबक
chamakna,ढमकना,चमकना
sheelbhag,शीलभाग,शीलभग
bistagond,बिसटाघौद,बिसतागोड
findlay,फिडलय,फाइडल
bapaa,बपा,बापा
dehra,दहरा,दहरा
aise,एषाजस,ऐस
shrankhala,शरणडला,शरखला
hastaaksharon,हसताकषरो,हसताकषरो
tirupati,तिरपाी,तिरपति
mangalmoortih,मगलपरथिह,मगलमरतिः
kursiyon,करसियो,करसियो
mithaiyaan,मिठयानो,मिठाइया
pahno,फहनो,पहनो
halebid,हलबिद,हलबिड
bangsh,बाश,बगश
officially,एफिशायी,ऑफिशियली
sevai,सवाई,सवई
gurjar,गरजा,गरजर
samanvayaka,समनवयको,समनवयक
parnel,पाणनल,पारनल
sunsan,सनार,सनसान
cusex,कयजो,कयसकस
madhya,मढया,मधय
yudhrat,यधरा,यदधरत
urbandale,ऊरबनल,अरबनडल
briggs,बरिगसोनएएओओऽऽझ,बरिगस
error,ईरिोम,एरर
chikhali,चिखाली,चिखली
waan,वान,वाण
adhikaariyaan,अधीकौरियो,अधिकारिया
roanoke,रिएौक,रोनोक
haokip,हॉओकिप,हाओकिप
poorvapekshaaon,परवसकषाओ,परवापकषाओ
masheenawat,मशिणावत,मशीनवत
kadmo,कढमो,कदमो
kurami,कराि,करमी
vidyaathyon,विदयाठको,विदयाथयो
simtataa,सिमटता,सिमटता
sangrur,सारो,सगरर
strongsville,सटरोगजविल,सटरोगसविल
agvaai,ऐगवाई,अगवाई
jangan,जघण,जनगन
nagraj,नौगराज,नागराज
yariyan,यरिको,यारिया
bhagyeshwar,भायशवर,भागयषवर
jivati,जिवतण,जीवति
sudkhoron,सदखोरॉ,सदखोरो
rukwaakar,ऋिवाचो,रकवाकर
brahmvarta,बरहमवपता,बरहमवरता
gray,जरा,गर
bhraanti,हरानी,भराति
purooshottamapur,परओषटतमााी,परषोततमपर
teji,तजी,तजी
svaatan,सवातन,सवात
mantarimandaliya,मतरिपदळलीया,मतरिमडलीय
ashley,एशली,एशल
mathews,मघवस,मथिवस
moolon,मलो,मलो
akzo,एकवो,एकजो
hamirpur,हाीदपर,हमीरपर
pokhriyal,पोखरियाल,पोखरियाल
bolateen,बोलतीन,बोलती
pratishthavale,परतिषठवळ,परतिषठावाल
dabangata,दबगता,दबगता
dhuriya,हरिया,धरिया
teap,टिपारएएफऽऽऽऽढ,टिप
gazi,गाी,गाजी
ijajat,इजागत,इजाजत
mejbani,मजभाी,मजबानी
toledo,टॉलदो,टोलडो
mohadhaa,मोझडा,मोहडा
putli,पतली,पतली
sanchari,सचारि,सचारी
taapanee,तापनी,टापनी
little,लिटो,लिटिल
narnaari,नरणापी,नरनारी
dhaniye,धनिए,धनिय
gadhoonga,गधना,गाडगा
faadi,झादि,फाडी
gammat,गमकत,गममत
tuberculosis,टयरचकलोजिस,टयबरकयलोसिस
nagarjuna,नागौजिा,नागारजन
raajneechi,राजनखछी,राजनीचि
medizensar,मडिजनसर,मडिजनसर
laphphaajee,लॉभाजी,लफफाजी
commerce,कॉयरस,कॉमरस
maathaloo,माठलो,माथल
chatagaon,खतनगाव,चटगाव
hilig,हालटग,हीलिग
isnpector,इसपकटर,इसनपकटोर
testing,टसथिग,टसटिग
naushad,नौषा,नौशाद
falluja,फलखजा,फललजा
pik,पिक,पिक
jiwan,जिवाण,जीवन
katal,कठल,कताल
dablyooeeef,दालयोनफ,डबलयईएफ
besil,बसिल,बसिल
slidon,सलिदोन,सलाइडो
saindan,सदा,सदान
jeremy,जरमी,जरमी
gaanv,गाव,गॉव
todenge,टोधग,तोडग
udaan,ऊडानोीसञञ,उडान
saptkraanti,सपटकरणनि,सपतकराति
miranda,हिरडा,मिराडा
vyapak,वयापक,वयापक
maddy,मडिी,मडी
sabhasadon,सभषवदो,सभासदो
nauvahan,नौवाहण,नौवहन
atmaen,ऐटमानफ,आतमाए
rosa,रोसा,रोजा
damaae,दमाए,दमाए
midwest,मिडवषट,मिडवसट
trelarah,तरलाधः,टरलरः
marlborough,मारबिोजफघ,मालबर
waco,वको,वाको
vimarshon,विमरषो,विमरशो
khan,झा,खान
difarard,दिफारक,डिफररड
sarsaa,शरिा,सरसा
hester,फसटर,हसटर
uttar,यटदा,उततर
kasera,कसरा,कसरा
kuraaane,करान,करआन
dayitvon,दयटीवो,दायितवो
chayaniton,हयनिटो,चयनितो
morales,मोरलि,मोरालस
heros,हिॉस,हीरोज
premamoolak,परिानलक,परममलक
moran,मोरा,मोरन
zydus,जिउसो,जाइडस
nelson,गलसो,नलसन
amarpal,आमरपॉल,अमरपाल
phatne,हटन,फटन
tinka,टिका,टिका
gaayikaao,गौईकाओ,गायिकाओ
pakayen,पकभएनोीीञञञ,पकाए
bhrashtachariyon,भरषटकचाइियो,भरषटाचारीयो
chalit,ढलित,चालित
affle,एफला,एफल
mod,मोदीरररछछछझ,मॉड
rajnitikaaron,ऋगजनीतिकाओो,राजनीतिकारो
arthon,आरथोन,अरथो
gaaligalauj,गालिफळखउ,गालीगलौज
anyonyashritata,ऐनयोधशशरीता,अनयोनयाशरितता
udaya,ईडया,उडाया
cutlery,कयलरी,कटलरी
pratibandhah,परतिबणधःह,परतिबनधः
neelaabh,नीलाभ,नीलाभ
bilae,बिलौ,बिलाई
khullamkhulla,खिपमधडया,खललमखलला
swanson,सवाणो,सवानसन
anvaahaarya,ऐनवाौरय,अनवाहारय
rewari,रवाडी,रवाडी
sahkalakar,सहकलयनर,सहकलाकार
championship,कमिोओवव,चपियनशिप
bhadkaayaa,भडकरया,भडकाया
namdhari,नमधारि,नामधारी
alba,एलबा,अलबा
watanukoollan,वाटनकलि,वातानकलन
khaatadhaarak,खॉतधारक,खाताधारक
texas,टिसार,टकसस
special,सपशियल,सपशल
harvansh,हरवश,हरवश
dinu,दिन,दीन
shaniwar,षणीवार,शनिवार
de,डीउयपआऔऔऔऔझझ,डीई
dabi,दाी,डाबी
nahinkarvaaee,नहिकरवाई,नहीकरवाई
maarvaad,मौरवाद,मारवाड
peediyon,पीडियो,पीडियो
brigton,बरिटोॉ,बरिगटन
mnaey,मनायीीआआऔऔऔ,मनाए
ligar,लिगा,लिगर
dilaega,दिलौगा,दिलाएगा
aadhin,पधिन,आधीन
parwa,परवा,परवा
hempstead,हमपशटडय,हमपसटड
mamooli,माली,मामली
pradeshikaa,परदशिका,परदशिका
verification,वरीफाकशन,वरीफिकशन
fefada,फिॉडा,फफडा
wisangatiyaa,विसगठीया,विसगतिया
kachchhe,कछग,कचछ
ghost,गोषट,घोसट
pipli,पिदली,पिपली
lovasa,लोवशसा,लवासा
helper,हलपर,हलपर
doobnewaale,दबनाल,डबनवाल
bakhshane,बखशण,बखशन
indriyonke,इनरियोक,इनदरियोक
barhad,बरधड,बरहद
risaalee,रिसाली,रिसाली
kaksheevati,कौषठवति,काकषीवती
vishvarakt,ऋिशघरकत,विशवरकत
lodi,लोदी,लोदी
peachtree,पाथरी,पीचटरी
ghumakkdon,हमकिडॉ,घमककडो
ojha,ओझा,ओझा
ilaaj,इलाज,इलाज
arunai,एरनाई,अरणाई
ayodhyeanath,आयोधिनाथ,अयोधयानाथ
bhautikwadiyon,भौतीकवादियो,भौतिकवादियो
roket,रोकत,रॊकट
nurochemistry,नौोचहिसटरी,नयरोकमिसटरी
coldvel,कोउदवल,कालडवल
aawaazen,आवाजनणण,आवाज
mool,मॉ,मल
multiplexon,मलटीपाकषन,मलटिपलकसो
tyoihar,तयोहर,तयौहार
rotation,रॉतशन,रोटशन
belacha,बलाचो,बलचा
sahakalaakar,शहकलादर,सहकलाकार
jadit,जाित,जडित
nagaaraa,नगढरा,नगाडा
barpaya,गरपययो,बरपाया
doongarpur,दगापर,डगरपर
land,लणि,लड
uchchhrunkhalataa,ऊचनरझलता,उचछखलता
failaiya,हलिा,फलाइए
suchi,सछि,सची
noon,नो,नन
rp,आरपी,आरपी
shield,शिलद,सीलड
palanpur,पॉडनदर,पालनपर
electrosteel,इलकटरोसथील,इलकटरोसटील
obscura,ओबिकया,ऑबसकयोरा
cigretton,सिगरटन,सिगरटो
dikhaee,दिखाई,दिखाई
russell,रसल,रसल
nazarandaaz,नजरदौह,नजरदाज
kualalampoor,कौवामपर,कआलालपर
austin,यसतिन,ऑसटिन
raidcras,रडइटो,रडकरास
tcns,टीएनईफवफ,टीसीएनएस
svaayattshasan,सवायटथषॉन,सवायततशासन
mood,मड,मड
daulatabad,डौलटाबाज,दौलताबाद
bhulta,हलता,भलता
pratikaara,परतिकावण,परतिकारा
nights,निभषो,नाइटरस
nakam,नकम,नाकाम
shutting,शतिग,शटिग
raashtra,ऋाषटि,राषटरा
bechkar,बचका,बचकर
stone,सटोन,सटोन
wardha,वरधि,वरधा
deedablyutee,दिउबलयतर,डीडबलयटी
desabathula,दिबछथला,दसबथला
baapa,बापी,बापा
baghbaan,बघतान,बाघबान
aadeshah,ईदशाह,आदशः
udelkar,ईदलकर,उडलकर
tarko,ताको,तरको
yaaddaasht,यादधषट,याददाशत
inhalation,इणहलशी,इनहलशन
safradganj,सफरबगढन,सफरदगज
roopak,रपा,रपक
scranton,सकरटो,सकरनटन
varnavyavasthaawaadiyon,वरणजञसषथाउॉदियो,वरणवयवसथावादियो
shikshakarmiyon,शीकषारमधयो,शिकषाकारमियो
khandelwal,खणउवाल,खडलवाल
beverages,बवरजो,बवरजस
pidiya,पीडलया,पीडिया
nadaf,नदमफ,नदफ
jehe,झह,जह
dhahaaenge,ढआॉएग,ढहाएग
mastmaula,मसतपौला,मसतमौला
agartala,आगरतला,अगरतला
jamayaa,जमया,जमाया
pardesi,पादशि,परदसी
arya,आरिा,आरयो
velvet,वॉमट,वलवट
aapdaein,आपडाई,आपदाए
aagashe,आगशष,आगाश
achchi,एचिी,अचछी
udghosh,ईदघोष,उदघोष
swabhawatah,सवभॉगतः,सवभावतः
bani,जनी,बानी
raykar,रिको,राइकर
pidilite,पॉडिलाइट,पीडीलाइट
dual,डिइ,डयअल
bheera,हीरा,भीरा
silva,सिलवा,सिलवा
adhikaran,अधिकरण,अधिकरन
rangkata,रगकता,रजकता
srichakra,शरीचौोण,शरीचकर
gowmutra,गौवशतरा,गौमतर
nichalaa,निछला,निचला
burhanpur,बऋहापर,बरहानपर
sahooliyata,सहलियता,सहलियत
labdh,लबध,लबध
poole,पॉ,पल
strasion,सटरान,सटरशन
picking,पाकटग,पीकिग
oditar,ओदिटा,ऑडिटर
deniar,डनियार,डनिअर
ajit,ऐजित,अजित
langdon,लगदोन,लगडन
avashist,आवशिसत,अवशिषट
jha,झा,झ
prashasnik,परशॉसनिक,परशासनिक
bossier,बोसियर,बोसीयर
badhachadhakar,बढशचनतकर,बढाचढाकर
giridih,गिरीडीह,गिरिडीह
bhuj,हज,भज
reading,रीउॉग,रीडिग
fawaare,फवार,फववार
advait,एडवि,अदवत
rukate,रका,रकत
anonditaa,ऐनोडिता,अनोदिता
fontana,फोटशना,फोटाना
nyutriyo,नयटरिओो,नयटरियो
pailoton,पिोटन,पायलटो
jaden,गदन,जड
boriwali,बोरिवाली,बोरीवली
ilaichi,इलाी,इलाइची
alliance,एलियनस,एलियस
dhammaa,ढमता,धममा
nahargadh,नहरगढ,नाहरगढ
nsiu,एनबसआई,एनएसआईय
sapaat,सपात,सपाट
lengdan,लगदान,लगडन
panama,पनहमा,पनामा
putle,पतल,पतल
aasaapaas,ईसौपिज,आसापास
alwadhi,अलवाधि,अलवधि
mufalisi,मझािसी,मफलिसी
sansathaan,सिथाऊ,ससथान
darshnaarthee,दरशनारथी,दरशनारथी
lokotsav,लॉकथतसव,लोकोतसव
graahakonne,गराहकोण,गराहकोन
uchchaadhikaareeyo,ऊतछौधिकारीयो,उचचअधिकारीयो
bhav,हा,बहाव
reja,रजा,रजा
motherson,माभरसन,मदरसन
kauplaiks,कौपलिस,कापलकस
aaburod,आबरोड,आबरोड
heidelbergceat,हदइबरगसिएट,हडलबरगसिएट
chimati,चिमती,चिमटी
surfactants,सरॉकटनो,सरफकटटस
mitao,मिटाओ,मिटाओ
kailana,कलगणा,कायलाना
tankar,टनर,टकार
odhkar,ऊधकर,ओढकर
merta,मरता,मडता
megavaal,मगवाल,मगवाल
rasyanik,रसयाणिक,रसायनिक
soochnah,शखनःह,सचनाः
sugamata,सघमता,सगमता
jockey,जोकी,जोकि
munaf,मनाफ,मनाफ
niswarth,निसवरथ,निसवारथ
kshetradwaaraa,कषटरदवापय,कषतरदवारा
mahawar,महावर,महावर
buldhana,बलधतणा,बलढाना
dhamkata,ढमकता,धमकाता
bhusvami,भसवामी,भसवामी
vigyan,विजञान,विजञान
quete,कवत,कयट
bevkufana,बीकफणा,बवकफाना
jajmau,जामौउ,जाजमऊ
beltran,बलतरण,बलटरान
vilas,विलास,विलास
makhdumpur,मखडसपर,मखदमपर
kolorado,किलोरादस,कोलोराडो
blackburn,बलकषरण,बलकबरन
suniti,सनिटी,सनीति
ghigghee,घिटठी,घिगघी
flavonoids,फलवोनिइडस,फलवनाइडस
chahunmukhi,चानमखी,चहमखी
supachye,सपाचय,सपाचय
siratee,सिरटी,सिरती
vishnu,विषण,विषण
chaudahavan,चौडहवन,चौदहवा
chaudhari,चौधरि,चौधरी
aabru,एबर,आबर
balurak,बलरक,बलरक
davangere,दवनरी,दावणगर
anurit,एणरित,अनरीत
shipping,शिपटग,शिपिग
patiala,पतियोला,पटियाला
jaanam,जानम,जानम
financial,फाइनशबयल,फाइनसियल
damae,दमऊउ,दमाए
policy,पोलिकी,पालिसी
icc,आईसीबा,आइसीसी
kuchchh,कथग,कचछ
cheekhna,दीझणा,चीखना
reliance,रिफाउन,रिलायस
urvarakon,ऊऋवाको,उरवरको
ravael,रवॉउ,रवल
ladhkiyon,लढकियो,लडकियो
mukeshwaree,मकशवरी,मकशवरी
wankshetra,वॉषठर,वनकषतर
ummeede,यमिद,उममीद
kahaavah,खहावढ,कहावह
kaantipoorn,कातिपरण,कातिपरण
badaaen,बढाए,बडाए
enseeaardablyusee,एनिजारबदखलीच,एनसीआरडबलयसी
pratibaddhataa,परतिबदघना,परतिबदधाता
follow,फॉलदव,फॉलो
sevamukta,सवॉमकता,सवामकत
evanston,इवाषथो,इवानसटन
charas,हरणो,चरस
hills,हिलस,हीलस
robertsan,रोबचतशन,रॉबरटसन
bhadauriya,हडौरिया,भदौरिया
glaxosmithkline,गलॉसपमधधथकछीन,गलकसोसमिथकलीन
producton,परॉडकटन,परॉडकटो
guevara,गउरा,गवारा
vigyaanon,विजञानो,विजञानो
jarvis,जाविसोउउईईईऽ,जारविस
laphz,लॉि,लफज
font,फोनट,फॉनट
paradheen,परछभीन,पराधीन
shak,थक,शक
ganjhoo,गधो,गझ
dit,दिट,डिट
danptiyon,दाटियो,दपतियो
maadhikhedhaa,माधीखडय,माडीखडा
pratishthaanon,परतिषठानो,परतिषठानो
soond,सनद,सड
ginte,गिनत,गिनत
alagalag,आलगरि,अलगअलग
swastikakaar,सवषटिकधार,सवासतिकाकार
pratikaraa,परतिकधण,परतिकारा
aastik,ऐसतिक,आसतिक
niveshkartaa,निवषकरता,निवशकरता
saval,सवॉ,सवाल
sanskritiyan,सदकतिया,ससकतिया
raubdar,रौउदात,रौबदार
raghuram,रघउाम,रघराम
intaravyu,ईटरावय,इटरवय
chharhari,घाहडी,छरहरी
sawyer,सायर,सॉयर
bhasapa,हसतपा,भासपा
jvaaron,जीारो,जवारो
sansthita,सचथिता,ससथिता
parshdon,पाषडो,पारषदो
pulatskar,पलतसकर,पलतसकर
uthaaeange,ऊहाएग,उठाएग
laengee,लघड,लाएगी
oeeef,ऊीफ,ओईएफ
valsad,वॉउसडद,वलसाड
mulon,मलोन,मलो
putliyan,पटलिया,पतलिया
shmil,शमिइ,शमिल
riggs,रिगसो,रिगस
camarillo,कमरीलो,कमरिलो
saflataa,सफलता,सफलता
vinasht,विनाषट,विनषट
kping,कपिग,कपिग
jayalalithaa,जयलशीघा,जयललिता
items,इईटीएमएस,आइटमस
soccer,सॉकरी,सॉकर
asphalt,एसफाट,एसफालट
mehrotra,महरोतरा,महरोतरा
chune,हन,चन
zarakh,जरकध,जरख
mejbaani,मजभानी,मजबानी
muflisi,मॉलिशी,मफलिसी
luna,लणा,लना
warnavyavasthaavaadiyon,वरणजञससथाउॉदियो,वरणवयवसथावादियो
lipaaee,लिपाई,लिपाई
uthni,यथणी,उठनी
bajaj,बजा,बजाज
hisarah,हिसरथ,हिसारः
dampatiyon,दपटियो,दपतियो
watson,गतसन,वॉटसन
augustustine,ऑगसतशचीन,अगसटाइन
pataakshep,पताकषम,पटाकषप
dhandhekhoree,धनखोरी,धधखोरी
ubhregaa,ऊभरगा,उभरगा
anton,ऐटो,एटोन
apardarshi,एपरदाषि,अपारदरशी
nihlaani,निभलाणी,निहलानी
tivolee,टिवोली,टिवोली
hogis,हॉगिस,होगिस
winter,विटर,विटर
badalavaakar,बडलवाकर,बदलवाकर
ghumaee,हमा,घमाई
petaluma,पिॉमध,पटालमा
beeemdablyooem,बीनगालयोम,बीएमडबलयएम
bakhshate,बखशत,बखशत
sanvedikaran,सवदिकरण,सवदीकरण
telon,टलोन,तलो
ghummakkadon,गमकीडो,घमककडो
haanfte,हाफत,हाफत
farheen,फरभीन,फरहीन
james,गमिोररओओऔऔऽऽ,जमस
kiratpur,किरटपध,कीरतपर
redding,रडिग,रडिग
shaq,शक,शक
surprise,सरपााइज,सरपराइज
kisanon,किसाो,किसानो
chalenge,हलग,चलग
yoder,योडर,योडर
stein,सथिन,सटीन
paithelojist,पथलोजिसट,पथलॉजिसट
labeling,लबीिग,लबलिग
ikthiyosis,इकथहयोसिव,इकथियोसिस
liberation,लिबरथन,लिबरशन
phoodon,घडो,फडॉन
nanhein,नहमइििोईईळ,ननह
bhadauria,हडौरिया,भदौरिया
jatilaa,जटिला,जटिला
pahunchanee,फहचनी,पहचनी
raashtron,ऋाषटगो,राषटरो
blossom,बलोजमह,बलॉसम
tandon,टदो,टडन
gadbadbadee,गणबोकपी,गडबडबडी
sanasthita,सणषथिता,ससथिता
yatraen,यटराए,यातराए
aadan,ऊदा,आदान
javate,जवत,जावत
niyuttiyon,नीउटररओो,नियततियो
bhishm,बिशम,भीषम
hundiya,ढडिया,हडिया
murgeepaalan,मरजीपालन,मरगीपालन
malekar,मलकर,मालकर
loveland,लोजड,लवलड
mavey,मवीययईईईऋऋझझझ,माव
vikram,विकरा,विकरम
hanfte,हाफट,हाफत
barrackpore,बरतकपोफ,बरकपर
ghaziabad,गणियाबॉद,गाजियाबाद
tarkon,ताको,तरको
spf,एसपीवफ,एसपीएफ
artemis,आरटीवास,आरटमिस
aipp,एनईपीडी,ऐपप
jaiban,जयमा,जयबाण
gairairaadatan,गरीाउडषन,गरइरादतन
vivekadhin,विरकछघीन,विवकाधीन
sabajooniyar,सबजनीयार,सबजनियर
faliya,गलिया,फालिया
prekshakganon,परीषागणो,परकषकगणो
purvaasiyon,परवासियो,परवासियो
vipannata,विपणगता,विपननता
maanga,हागर,मागा
ordanens,आरदनस,ऑरडनस
pradhan,परधन,परधान
abhiyuktonke,अहियकतोण,अभियकतोक
viratkhand,विरटखण,विराटखड
hijbul,हिजबल,हिजबल
vidyaon,विधयाओ,विदयाओ
manju,माोर,मज
chhawindra,झविनरा,छविदर
chhupkar,ढपका,छपकर
doranda,दोरणा,डोरडा
saym,साीो,साय
mithhaiyaan,मिठअयईर,मिठाइया
jeevvigyaniyon,जीवभिघञानियो,जीवविजञानियो
pashtuun,पशतन,पशतन
brahraachaarinee,बरहधपचापिनी,बरहराचारिणी
jerusalem,जरसाम,यरशलम
altamonte,एलताधोन,एलटामोट
sihuntaa,सिघटा,सिहता
hemwati,हमवति,हमवती
koshadhikaaree,कोशणिजारी,कोषाधिकारी
ashanka,अशको,आशका
bean,बिए,बीन
vaigyanikata,वजञणिकता,वजञानिकता
jheelon,झीलो,झीलो
robarto,रॉबातन,रोबरतो
shrirampur,शरीअमपद,शरीरामपर
manchiya,मछिया,मचीय
vasoolataa,वसलता,वसलता
morrison,मॉरिसन,मोरीसन
mhagranth,मागरथ,महागरथ
transistor,थराईिषमो,टराजिसटर
sarvjaatiya,सरवजातिय,सरवजातीय
patotsav,पॉोतसव,पाटोतसव
houkee,हॉकी,हाकी
medithsan,मडिथसन,मडिथसन
udana,ईडवना,उडाना
saraaymohiuddeenpur,सरमऊोहौलडधीननपप,सरायमोहिउददीनपर
petersburg,पिरसबरग,पीटरसबरग
ranjkatha,रणकठः,रजकता
diya,दिया,दीया
mohindar,मोहिदर,माहिदर
mastek,मसतक,मसटक
nirbadh,निरबाध,निरबाध
ehsaas,ऐहसाद,एहसास
avrutiyon,आवरथियो,आवततियो
eshiyavan,ईशियवण,एशियवन
thki,टोा,थकी
turbine,टरबान,टरबाइन
dimaak,दिमाक,दिमाक
jodhpur,जोधपर,जोधपर
durdhara,दरधापा,दरदरा
khaastaur,खासतौर,खासतौर
makrani,मकरणनी,मकरानी
high,हिग,हाई
fatahi,फताधी,फटही
mariya,मरिया,मारिया
ganv,गाी,गॉव
pendulam,पडला,पडलम
aavishakaar,आविषकार,आविषकार
natijeh,नतीजह,नतीजः
jeffersonville,जफरसोविल,जफरसनविल
brahmasiddhi,बरहमसिदधी,बरहमसिदधि
tulshidas,तलशीदास,तलसीदास
reeta,रिता,रीता
charchaamanch,चरषामन,चरचामच
pratikaaraa,परतिकावय,परतिकारा
tarkwaad,तरकवाड,तरकवाद
dabangon,दबगो,दबगो
hichkicha,हिचकीठा,हिचकिचा
sheershakon,शीरषको,शीरषको
dam,डा,डम
dviarthee,दवियरथी,दविअरथी
jawabah,जवॉबथह,जवाबः
bahumaan,बहमान,बहमान
jaanchkarata,जौचकरतः,जाचकरता
vandemaataram,वणीातरम,वनदमातरम
should,थॉउड,शड
agsta,एगितापनर,अगसता
neu,नबउआआपऔऔऑछछॊ,एनईय
dastakhatshuda,दसतःभौशधय,दसतखतशदा
surinama,शरीनतमल,सरीनाम
kingkhan,किगखान,किगखान
taras,टरको,तरस
rekannecting,रीनचटसग,रिकनकटिग
phaibrik,हयरिक,फाइबरिक
clair,कलािर,कलयर
chhejat,झजा,छीजत
mominatolaa,मोइीनटलला,मोमिनटोला
virodh,विरोध,विरोध
arena,एरणा,अरना
unionwaadi,यनिओवादी,यनियनवादी
bamleshvaree,कॉफवरी,बमलशवरी
boca,बोओसाएनपररऽऽऽझ,बोका
immaturity,इमकचरिटी,इममचयोरिटी
sansthaan,सिथान,ससथान
jin,जिन,जीन
dadrewa,दौरवा,ददरवा
kide,किद,कीड
karawanou,करवडनोउ,करावणौ
putin,पतिन,पतिन
tankaar,टणबार,टकार
khatakati,खटकयि,खटकती
jadd,जाि,जड
pushpa,पशमा,पषप
gm,जीएम,जीएम
yusugi,यसघी,यसगी
korola,कॉरहला,कोरोला
pyade,पयाद,पयाद
karavaayegee,करवाएगी,करवायगी
balaatkaariyon,बलठटकारियो,बलातकारियो
jatatee,जठमी,जताती
gurdaspur,गरदापत,गरदासपर
shreshthaswaroop,शरिटसवरप,शरषठसवरप
shubhprabhaa,शिपरघाऊ,शभपरभा
europlast,यरोपलसत,यरोपलासट
rashtrabhakton,ऋाषटरभकतो,राषटरभकतो
canterbari,कतगबारी,कटरबरी
communicators,कमयीिटरस,कमयनिकटरस
mahamanch,महतच,महामच
conway,कोवा,कॉनव
dwf,डीवफओम,डीडबलयएफ
reeves,रीवस,रीवस
dabhoi,दभोई,डभोई
bhootal,हटा,भतल
insaano,इसाधनो,इसानो
emily,इमिली,एमिल
vigyaanam,विजञानम,विजञानम
sapatey,सपटय,सपाट
atwaal,ऐतवाल,अटवाल
hindan,हिदान,हिडन
aaufisaree,औहिसरी,ऑफिसरी
montclair,मोनतकलि,मोटकलयर
purnsveekrit,परणवीखतट,परनसवीकत
richardson,ऋिछौदडसन,रिचरडसन
sandrbh,सदरभ,सदरभ
fargo,फागो,फारगो
aleem,एलीम,अलीम
saptakranti,सपटकरणनि,सपतकराति
hr,हचआर,एचआर
imaandaari,ईमौनदवरी,इमानदारी
kontrekting,कॉनटरबथिग,कॉनटरकटिग
gangajal,गणाल,गगाजल
gaur,गौर,गौर
adhikariyon,अधीकारियो,अधिकरियो
bandhan,बढथह,बधान
sendha,सघा,सधा
dablyoopidi,दबलयोिणी,डबलयपीडी
gravita,गरविटा,गरविटा
lincoln,लिकॉउ,लिगकन
pravrittivigyanon,परवकटीभभिजञणो,परवततिविजञानो
cementation,सीउतशन,सीमटशन
bagad,बघद,बगड
gentry,गटरी,जनटरी
datson,डतसो,डटसन
montebello,माटबलो,मोटबललो
renewables,रणवालस,रिनयएबलस
naksalwad,नकषलवाद,नकसलवाद
aitraz,ऐथराज,ऐतराज
itibhagwatee,इतिभगवती,इतिभगवती
niveshkarta,निवषकरता,निवशकरता
patkathayen,पॉकथधए,पटकथाए
kaabiletaarif,कौबिलटारीफ,काबिलतारीफ
bhaadas,हादस,भादस
bhogte,होगत,भोगत
holding,हॉलडिग,होलडिग
dhatta,ढॉता,धतता
dhoron,ढौरॉन,धोरो
upakhyanon,ऊपखयानो,उपाखयानो
fayetteville,फयतरिली,फयततविलल
stockton,सटॉकचन,सटॉकटन
brijesh,बरिझश,बरजश
pratigya,परतिगञा,परतिजञा
badhaati,बढाति,बढाती
then,थोन,थन
thomas,थोमास,थॉमस
dhyeywadi,हयटवाडी,धययवादी
tuesday,टअजाी,टयजड
wgpl,वञजिपीएल,डबलयजीपीएल
ovum,एवि,ओवम
gati,गाि,गति
nucleus,नकलीो,नयकलियस
kraar,कराउ,करार
purooshottamaachary,परोषटतमाचयी,परषोततमाचारय
manchanda,मचणगदड,मनचदा
lahsun,लभषि,लहसन
naqaab,नकाब,नकाब
suja,सझा,सजा
mckenzie,मकनी,मकजी
purzon,परजो,परजो
bahunt,बहन,बहत
bravo,बरावो,बरावो
amaanat,आमानत,अमानत
jhuthla,झटला,झठला
bush,बश,बश
chaukhate,छौझत,चौखट
apar,एपा,अपर
asthetic,एसथॉिक,एसथटिक
kshetradwara,कषटरडवापा,कषतरदवारा
sajja,सजिा,सजजा
dhahaane,झआान,ढहान
nariyalyukt,नरियॉलखकत,नारियलयकत
jealous,जिलॉ,जलस
kursiyo,करसियो,करसियॉ
singhaadey,सिहादय,सिघाड
amy,एमि,एमी
antarmukh,ऐनरमख,अतरमख
thakkar,थॉिर,ठककर
badbolepan,बदमोलपण,बडबोलपन
naxaliyon,नकसालियो,नकसलियो
manner,मनर,मनर
himali,हिमाली,हिमाली
naksalavaad,नकषलवाद,नकसलवाद
half,हाोफडम,हॉफ
mahaadharmaadhyaksha,महादरटणखयकष,महाधरमाधयकष
parmoujood,परमोउनडद,परमौजद
tippanikar,टिपशणीकर,टिपपणीकार
perels,परलस,परलस
bhapaee,हपन,भपाई
beetaane,बिटान,बीतान
valve,गॉउि,वालव
dwirookta,दवीरकता,दविरकत
eddie,ईदिय,एडडी
jivaniyaan,जीवणधया,जीवनिया
panghal,फघॉ,पघाल
khand,झणड,खडा
urvarkon,ऊऋवाको,उरवरको
besin,बसिन,बसिन
giriwasiyon,गिरीवासियो,गिरिवासियो
paradhin,परछधिन,पराधीन
pukhtaa,पखटा,पखता
achnera,एचनरा,अछनरा
carson,कासन,कारसन
delta,डलटा,डलटा
tripura,तवीपौा,तरिपरा
alaymani,एलयमणि,अलयमनी
kheda,खडा,खडा
nahargarh,नहरगढ,नाहरगढ
shalimar,शॉीमार,शालीमार
immaichyority,इमाधचयोरिटी,इममचयोरिटी
elendt,इलडट,एलएडटी
properphasebuk,परोएनघाजखष,परॉपरफसबक
udanon,ईडाो,उडानो
mhajan,मझजन,महाजन
moses,मॉजी,मोसस
bataayaaki,गटायकी,बतायाकि
alai,एलाई,अली
ilectromeetar,इलकटरोमीठर,इलकटरोमीटर
amod,एमोद,आमोद
rookenge,रकग,रकग
maariya,मआइियो,मारिया
raagon,रागो,रागो
aaipief,वइपीउ,आइपीएफ
phalitartha,फलीटौरथा,फलितारथ
supachy,सपाची,सपाचय
awashist,आवशिसत,अवशिषट
ishat,ईशा,ईषट
rate,रतो,रट
aata,ऊटा,आटा
mahalon,महलो,महलो
warishthon,वरिषठो,वरिषठो
jalapot,जलाउोट,जलपोत
katrina,कॉतरिया,कटरीना
jismafaroshee,जिसमहरोशी,जिसमफरोशी
salary,सलरी,सलरी
raza,रजस,रजा
rectare,रिटा,रकटियर
basil,बसिल,बसिल
badhaataa,बढाता,बढाता
charanbaddha,खरणबदधः,चरणबदघ
bhadkaya,हडकया,भडकाया
sahityotsav,साहिटयोषरव,साहितयोतसव
naraseepura,नभसिपरा,नरसीपरा
samjhunga,समझगा,समझगा
chandrapur,ढणराय,चदरपर
sarkaa,शरका,सरका
dhaah,ढाय,ढाह
praudh,परौध,परौढ
ahitakaaree,ऐहिटकारी,अहितकारी
darawani,दरवनणि,डरावनी
belinda,बलिणा,बलिडा
alayamanee,आलयमणि,अलयमनी
datsun,दतसन,डटसन
ate,एटीाररफफफढढझ,अत
fasteners,फाटनरो,फासनरस
bangravala,बगरवपला,बगरावाला
saira,सिा,सायरा
atthas,ऐटहास,अटटहास
nirdal,निरदा,निरदल
mahbubnagar,महबिनगर,महबबनगर
daratey,डरती,डरात
valkkan,वॉकिण,वलकन
khastaur,खसतौर,खासतौर
barsaai,बरसाय,बरसाई
ananddaayak,आनदधायक,आनददायक
banbi,बनमी,बाबी
toh,टोह,तो
asmanye,ऐसमानय,असमानय
wipannta,विपणता,विपननता
spast,एपात,सपसट
amzera,एमजरा,अमझरा
bechakar,बचकर,बचकर
ghatabadh,घटकबध,घटबढ
kaushalta,कौशलता,कौशलता
machine,मछिनोर,मशीन
wireless,वाइपलस,वायरलस
fainn,हय,फन
gaano,गानो,गानो
khambhat,खमथाट,खभात
kyooaaeepeees,कवाईफपीज,कयआईपीएस
dublin,डबलिन,डबलिन
mta,मिटाय,एमटीए
samruddhiyon,समरधियो,समदधियो
radhakrushnadas,ऋहधकतशणडॉस,राधाकषणदास
kaansting,काउटिग,कासटिग
idukki,इदौती,इडडककि
industrial,इदसटरियल,इडसटरियल
bharatwanshee,हरतवणषी,भारतवशी
maangi,मागी,मागी
robins,रॉबिनस,रॉबिस
vladimir,वलडधमिर,वलादिमीर
pehowa,पहोवा,पहोवा
bagh,बाीहचचचऋऋऋपप,बाग
ummidwaaree,उतशिदवारी,उममीदवारी
saafgoi,साऊगोई,साफगोई
koottaa,कठा,कतता
adain,एदा,एडन
grenite,गरनिइट,गरनाइट
ustara,ईसतरण,उसतरा
dhundhta,ढनता,ढढता
sangheeyataa,सघीयता,सघीयता
kumari,कमारी,कमारी
depthiriya,दपथिरीया,डिपथीरिया
adchane,एदचन,अडचन
koriyaah,कोरियाह,कोरियाः
prapat,परात,परपात
chhudawaaya,झडवायो,छडवाया
suiyan,सइया,सइया
veronika,वरोनिका,वरोनिका
schaeffler,शालर,सकफलर
jyaadaa,जयौडा,जयादा
potter,पोतर,पॉटर
media,मडिया,मीडिया
yarushalem,यरषलम,यरशलम
pichde,पिछड,पिछड
letaseng,लटाउघ,लटसग
arthavyawasthataaon,आरहियवसथटाओ,अरथवयवसथताओ
kakoo,काो,काक
nirdeshika,निरदशीका,निरदशिका
seto,सतो,सटो
navate,नवत,नवात
samvedansheelata,सवदषीलता,सवदनशीलता
roadrej,रोएबज,रोडरज
chhahon,झाो,छहो
laphj,लाि,लफज
vanshvad,वशभाद,वशवाद
rohtak,रोहता,रोहतक
atakta,ऐटकिा,अटकता
baawaraa,बॉवरण,बावरा
kribarabh,कषीबाधथ,कबरभ
prakashakah,परकषशनःघ,परकाशकः
styrolution,सटाइरॉौलशन,सटायरोलयशन
apaardarshi,अपागदोषि,अपारदरशी
bengaluru,बनार,बगलर
andhapan,ऐधापन,अधापन
mainan,हइानो,मनन
kyaah,कयाह,कयाः
formulae,फोरमलडए,फारमल
hamalavar,हतलनवर,हमलावर
amavasya,आमावषय,अमावसया
purvapekshaaon,परवसकषाओ,परवापकषाओ
daishawaalaa,दशवॉलय,डशवाला
oklahoma,ओकलाहोमा,ओकलाहोमा
darmait,दरमत,डारमट
sahakalakar,सहकलनर,सहकलाकार
fatma,फतमा,फातमा
khalati,खलति,खलती
dayitva,दयीतवो,दायितव
kyusaiks,कउजतो,कयसकस
tolakarmee,तोलकरमी,टोलकरमी
version,वरशन,वरशन
parisamvad,परिसमवाद,परिसवाद
immune,इमौन,इमयन
bachti,बचती,बचती
utilities,यटिलाशीजोदददढढझझ,यटिलिटीज
malmaas,मलिास,मलमास
cadmium,कढफियम,कडमियम
antioch,एटियौच,एनटीओक
khatedaar,खटदार,खातदार
mohini,मोहिणी,मोहिनी
vishwasniiyataa,विशजसनीलयता,विशवसनीयता
rehman,रहमा,रहमान
kanblon,काबलो,कबलो
aaryika,परिका,आरयिका
marrej,माकज,मरज
chheenk,झीक,छीक
phalata,हलता,फलता
baagoraa,बॉगोरा,बागोरा
pakaude,पकौड,पकौड
lucie,लसिनरईईईञऽझझ,लसी
fatehgadh,फतखगढ,फतहगढ
grahanakaal,गरःनकाल,गरहणकाल
jobs,गोउस,जॉबस
sadanand,सदानग,सदानद
dutt,डय,दतत
murgeepalan,मरजीपालन,मरगीपालन
lurhakate,लरखकत,लढकत
palmonari,पाबमोणरि,पलमोनरी
win,विन,डबलयआईएन
ubhaara,ऊहारो,उभारा
beck,बकसापपरऔढढढढ,बक
padaraunaa,पदरौना,पडरौना
bandhate,बढत,बाधत
kapoor,कपो,कपर
sevaala,सवॉलो,सवाला
vershan,वरथण,वरशन
chidhate,छिधा,चिढत
thane,था,थाण
nikalogi,निकलोगी,निकलगी
mogali,मोगाी,मोगली
dredger,डरजो,डरजर
nagarik,नागरिक,नागारिक
gajipur,गािपर,गाजीपर
vadak,वडक,वादक
mitchell,मिचॉो,मिचल
gyatvy,जञातवी,जञातवय
standhaari,सतनभारि,सतनधारी
dhoraaji,ढोराजी,धोराजी
abdunnaasir,एबदनणासिर,अबदननासिर
vishvwandhya,ऋिशवरधया,विशववदया
satyaarthprakash,सतयौगथपरकाश,सतयारथपरकाश
shivamogga,शिवामोगढ,शिवमोगा
ghumakkdi,गमाोडी,घमककडी
gayen,गयन,गाए
chee,छीउईआआआऔलल,ची
theateron,थीटरॉन,थिएटरो
anadhikaarik,आनःभबारिक,अनाधिकारिक
shasak,हाक,शासक
hines,हानस,हाइस
bettiah,कटीिया,बतिया
dhatna,ढतना,धटना
rahamat,रहमत,रहमत
motihari,मोठिढारी,मोतिहारी
pearson,पीअसन,पियरसन
ujback,यजबक,उजबक
wheeling,वहइिग,वहीलिग
pythogaras,पिथोगरस,पाइथागोरस
wipro,विपरो,विपरो
kaabiletaareef,कौबिलटयरीफ,काबिलतारीफ
jamaate,जमात,जमाती
pulam,पला,पलम
daubaaraa,दौबरप,दौबारा
portillo,पौरटिलन,पोरटिलो
adhik,अधिक,अधीक
dhumrapaan,धमराइण,धमरपान
daampatya,दाउसठयो,दापतय
jamudiya,जमदिया,जामडिया
pedoo,पडो,पड
pipra,पितरा,पिपरा
blair,बलािर,बलयर
communications,कमयणिचशनस,कमयनिकशनस
alayans,आलयदनो,अलायस
aradas,आरदशस,अरदास
gudna,गडना,गदना
just,जसत,जसट
aawajon,आवजो,आवाजो
benvar,बनवा,बवर
amarillo,एमरीलो,अमारिलो
bramhaand,बरमहान,बरहमाणड
dikhai,दिखाई,दिखारइ
tantro,टनरो,ततरो
aasan,बसन,आसान
tuglakabad,तगलकखभबधद,तगलकाबाद
sutton,सतमॉ,सटटन
kandrour,कारोउ,कदरौर
khanna,हणा,खनना
nikalani,निकलणी,निकालनी
dibanoo,दिभनो,डिबन
immachyoritee,इमकचयोरिटी,इममचयोरिटी
tolaasan,तोलासन,तोलासन
jaanaakaree,जाऊौकरि,जानाकरी
liwaal,लिवाऊ,लिवाल
engeline,इगलिन,एजलिन
rushitaa,रशिता,ऋषिता
flint,फलिनो,फलिट
vrishchikahsaptah,वषचिकाफपतः,वशचिकःसपताह
aasmatee,ऐसमटी,आसमती
girkar,गिरका,गिरकर
vaigyaanik,वजञानिक,वजञानिक
bishadhee,बिशाय,बिशडी
phoolatee,हलती,फलती
punahsthapana,ईगःषथापणो,पनःसथापना
badh,बढ,बाध
gandha,गढा,गध
chakshu,चाष,चकष
miktaam,मिकताऊ,मिकटॉम
liidaron,लिडदरो,लीडरो
zabardast,जबरदासट,जबरदसत
stuti,सथही,सतति
aurato,ऊराो,औरतो
heblikar,हबलीकर,हबलिकर
rattebaajee,रथसबाजी,रटटबाजी
francisca,फरनइिसका,फरासिसका
mumba,मबा,बबा
pratiyukti,परजियकती,परतियकति
darati,दरति,डराती
pranon,परणो,पराणो
madison,मडिसो,मडिसन
nibhaaegee,निभाएी,निभाएगी
myers,मयरस,मयरस
kashyap,कशयप,कशयप
brigadier,बरिगौइयो,बरिगडियर
ambikaaon,अमबिछाओ,अमबिकाओ
hogaah,होगाव,होगाः
ishaak,ईशाक,इशाक
sumi,समी,समि
deshbhaktimaya,दशभकतीमय,दशभकतिमय
dharmapatriyaan,धरमपटकिया,धरमपतरिया
krishnanagar,खषणनगर,कषणानगर
ea,ईानररररऔऔऔढझझ,ईए
aayudhnirmaanee,औघोगरमाणी,आयधनिरमाणी
taaja,तौजो,ताजा
ajasra,आजॉषरा,अजसर
fijulkharchi,फिजलखरची,फिजलखरची
mantrayon,मतरिो,मतरयो
tanta,टना,ताता
dealership,डालरषिप,डीलरशिप
chapel,ढपल,चपल
dhwanimikon,धवाईीमिको,धवनिमिको
education,ईदकटन,एजकशन
jarakh,जरथध,जरख
neet,नित,नीट
jilawaasiyon,जीलवासतयो,जिलावासियो
samprabhuta,सपरभता,सपरभता
kasegaa,कसगा,कसगा
pakanevala,पकनवरला,पकानवाला
deepn,दिपन,दीपन
kalasaanaa,कलसघणा,कलसाना
mugaalataa,मगॉलता,मगालता
tokne,टोकन,टोकन
falibhoot,फाीभो,फलीभत
gyonth,जिोथ,गयोठ
dikhaai,दिखाई,दिखारइ
shaamjeebhaaee,शॉमजभाई,शामजीभाई
pahnaakar,पहनाकर,पहनाकर
kisaani,किसानी,किसानी
udhaaradaataaon,ऊधारडातौओ,उधारदाताओ
ramtek,राउटक,रामटक
wyaakhyaatmaktaa,वयौखआबथमकता,वयाखयातमकता
somvaar,सोमवार,सामवार
vista,विसटा,विसटा
polimer,पॉलीमर,पॉलिमर
raktaabh,रकताभ,रकताभ
bhugta,हगता,भगता
bhrashtachareeyon,भरषटकचाईियो,भरषटाचारीयो
khatakti,खटकति,खटकती
mukhyamantriyon,मखयातरिओो,मखयमनतरियो
mad,मा,मड
kakshaang,कौषाघ,ककषाग
jain,गि,जन
mahin,मघिन,महीन
survana,सरवाचो,सरवणा
baangarotiya,बागरोतीयल,बागरोटिया
rasaayanik,रसायनिक,रसायनिक
aurora,औरोडा,औरोरा
chamchagiree,खमतगजरीय,चमचागिरी
ncrwc,एनपईआरविजी,एनसीआरडबलयसी
ainthey,इथी,ऐठ
essel,ईशोल,एससल
deshsewa,दशसवा,दशसवा
ilectrotecs,इलकटरॉथिस,इलकटरोटकस
workcharge,वॉकछारज,वरकचारज
kaarwaai,कौरवाई,कारवाई
jhanktaa,झणता,झाकता
urgent,यरजन,अरजट
sapraman,सपरमण,सपरमाण
maurya,मौरया,मौरयो
jini,जिनी,जिनी
jagadeeshachandra,जञडिषचछर,जगदीशचदर
asurakshit,ऐदरकषित,असरकषित
kaavyoktiyaan,खावगोषतियन,कावयोकतिया
alnkaar,एलकार,अलकार
svadpremiyon,सवापरमियो,सवादपरमियो
jaatak,झातक,जातक
rollers,रॉलयस,रोलरस
ashaktataa,अषकतमा,अशकतता
kaathiyavadee,कौठियरदडी,काठियावडी
aavriti,आवती,आवतति
vidyaayein,विधयाए,विदयाए
vidhivat,ऋिधयगत,विधिवत
raadhe,राध,राध
mukhyamantrisamvaaddaata,मखयनतरिसवॉदधाता,मखयमतरीसवाददाता
praansangalee,पराणगढली,पराणसगली
kanalog,कनलोग,कनलोग
pudukkottai,पदखौोटना,पदकोटटई
nicky,निकी,निकी
fuhadtaa,फहदता,फहडता
patachep,पताचि,पटाकषप
retreate,ऋिटोयए,रीटवीट
manovaigyaaniyon,मणलवजञानियो,मनोवजञानियो
stanadhari,सतनःधखरि,सतनधारी
mukhyopadhyaay,मखइोपढयाए,मखोपाधयाय
nirbaadh,निरबाध,निरबाध
todne,टोडन,तोडन
avuti,ऐवति,आवतति
parikshankartaon,परिकषणबगथाओ,परीकषणकरताओ
extactor,एकसटाचर,एकसटकटर
nashik,नशीक,नाशिक
rasayanon,रसयनो,रसायनो
vaitravati,वकराति,वतरवती
ogrenaaij,ओगरनाइज,ऑगरनाइज
chausingha,खौसिघा,चौसिगा
phalodi,फलोडी,फलोदी
skhalan,शखलन,सखलन
panaamaa,पणौमा,पनामा
nigar,निगा,निगर
monte,मोट,मोट
suneeti,सनीति,सनीति
shrabon,शरबोन,शराबो
ambikaon,अमबिछाओ,अमबिकाओ
gujara,गडरो,गजारा
photofrem,फिटौगरम,फोटोफरम
prahlaad,परहलाद,परहलाद
beesavaan,बीशवान,बीसवा
dvivedi,दविपणी,दविवदी
denewaali,दनवाली,दनवाली
burleson,बरलसो,बरलसन
bharadwaj,हरडवाज,भारदवाज
jataati,जटापि,जताती
malegaon,मळइगढव,मालगाव
rahugaan,रहगान,रहगा
mahamantra,महॉदतर,महामतर
beast,बिसट,बीसट
divyata,दिवयता,दिवयता
sanjivan,सजीवण,सजीवन
kuposhit,कपोषित,कपोषित
eksclation,एकसपलशन,एकसकलशन
chadhega,छढगा,चढगा
texarkana,टीसरखधणा,टकसरकाना
dungerpur,डगरपर,डगरपर
sarahi,सरहि,सराही
laalaparee,लाऊपरी,लालपरी
aeronautics,ईरोनॉटिकस,एरोनॉटिकस
worth,वॉषथ,वरथ
aasteen,ऊसटीन,आसतीन
svapnika,सवपनिका,सवपनिका
upakaaryaalayon,ऊपकारिालयो,उपकारयालयो
mimicry,माइोकरी,मिमिकरी
ballabh,बलाघ,बललभ
veriphication,वरीफाकशन,वरीफिकशन
hackensack,हकनाट,हकसक
aakaash,औकाश,आकाश
bona,बोना,बोना
clock,सलोन,कलाक
daphan,दफि,दफन
pegav,पगा,पगव
kahlaya,कघलिया,कहलाया
madheekhedha,मघिखडा,माडीखडा
teleebag,टलीभाग,तलीबाग
dhaarak,हारक,धारक
nikaalani,निकालणी,निकालनी
kanghe,काघ,कघ
prashnottari,परशनौटतवी,परशनोततरी
kakinada,कॉईिणाडा,काकीनाडा
bhaagyoday,हागिोडी,भागयोदय
singer,सिगर,सिगार
machaye,मछाए,मचाए
lekhakganon,लखकगणो,लखकगणो
uchhalne,ऊचलन,उछालन
dharmarajne,धरमाताजन,धरमराजन
ainjal,ऐजा,ऐजल
bantata,गठता,बटता
pharm,फारम,फारम
ravel,रवल,रवल
hanumangarh,हणमगरढ,हनमानगढ
veeraangnaaon,विरौगणाओ,वीरागनाओ
gaytri,गटरी,गायतरी
venkatraman,वकटरमण,वकटरमन
dibnoo,दिगन,डिबन
purooshottamachaary,परोषटतमचावी,परषोततमाचारय
sanyojakon,सयिजकॉ,सयोजको
jhaauganj,झाऊगज,झाउगज
sarkaren,सरकोण,सरकार
newtest,नयजसथ,नयटसट
shrikar,षजीका,शरीकर
mitaao,मिटाओ,मिटाओ
diyotsiddh,डीयोटसिदध,दियोटसिदध
bhoopsingh,कपशिह,भपसिह
charchaaen,चरषाए,चरचाए
prasarakon,परसधको,परसारको
nishpaap,निशपाउ,निषपाप
flin,फलिन,फलिन
ranneetibanaa,रणडीठिभाऊा,रणनीतिबना
eeaarjee,ईबाजी,ईआरजी
dhaagaa,ढॉगा,धागा
gomukh,गोमख,गौमख
jud,गद,जड
khanikarmi,खणिकरमी,खनिकरम
sharabh,शरभ,शरभ
arellano,एरलानो,अरलानो
ukhadhakar,ऊखडकर,उखडकर
lenevali,लणवाी,लनवाली
kumar,कमार,कमार
singhde,सिघड,सिघाड
toncil,टॉनसिल,टोसिल
davindarpal,दविनरपाल,दविनदरपाल
singaar,सिगार,सिगार
khisakate,खिसकत,खिसकत
enid,एनिद,एनिड
megapixal,मगापिकसल,मगापिकसल
digvijay,दिगवीजय,दिगविजय
fazalon,फजलोन,फजलो
doge,डोज,दोग
labelon,लबिोन,लबलो
munafa,मनपफा,मनाफा
badhane,बढतण,बडन
very,वरि,वरी
saatsera,सौटजरण,सातसरा
ortega,ओरतिा,ओरटगा
rowe,रोव,रोव
bhatia,हटिया,भाटिया
raajsthanwasiyon,राजफथहवणसियो,राजसथानवासियो
baagbageechon,बागदीचोष,बागबगीचो
wilkinson,विलकषणो,विलकिसन
daraati,दराती,डराती
atke,एटक,अटक
pramukhataapoorwak,परमझटाददवक,परमखतापरवक
yatna,यटना,यतन
nitin,नाटीग,नितिन
city,सिटर,सिटी
radico,रडिको,रडिको
dukanon,दकाो,दकानो
jalsansadhan,जलसदथढन,जलससाधन
masyendranath,मसिदरणाथ,मतसयदरनाथ
behar,बहा,बिहार
barsheey,गरषीय,बरषीय
avru,एवर,अवर
daw,दा,दाव
naqab,नकर,नकाब
saregama,सरघडमा,सारगामा
hugli,हगली,हगली
satti,सामि,सतती
neg,नग,नग
mahabaleshwar,महॉबलशवर,महाबलशवर
placentia,पलजटिया,पलसटिया
varsaache,वरसाच,वरसाच
kumau,कमाउ,कमाऊ
emi,एमिआर,एमी
theatrs,थीअरस,थियटरस
erika,परिका,एरिका
khinchakar,खीचार,खिचकर
raubadar,रौबदवव,रौबदार
alto,एलटो,ऑलटो
kavyavidhaaon,कलरयगिढौओ,कावयविधाओ
coon,कॉनीीईईईढढढझ,कन
akron,एकरोन,अकरोन
tahkhaana,तघकडना,तहखाना
samajjanon,समझिनो,समाजजनो
machaaye,मछाए,मचाए
suryadev,सरयाव,सरयदव
prathamik,परथॉमिक,पराथमिक
pravritriyon,परवततियो,परवतरियो
taajaa,तौजा,ताजा
jivanshaili,जिवशचलल,जीवनशली
raktdaataaon,रकटदातौओ,रकतदाताओ
baleshwar,गॉशवर,बालशवर
bhautikwaadiyon,भौतीकवादियो,भौतिकवादियो
lagaateen,लगातीन,लगाती
jhaiyaan,हइानो,झाइया
vanshvaad,वशभाद,वशवाद
navanagar,नवजगर,नवानगर
najarandaaz,नजरडौय,नजरदाज
anshaankan,ऐशाकण,अशाकन
funkane,झका,फकन
matpatron,मापथरो,मतपतरो
module,मोडल,मॉडयल
farms,फारमन,फारमस
pahunchogee,पहचोगी,पहचोगी
maidi,मदि,मडी
thief,थिउोरआआडऽऽऽझ,थीफ
pfaudler,फहौडलर,फाउडलर
amit,एमित,अमित
poorvabhadrapad,परवछदतषा,परवाभादरपद
landara,लणररा,लगडा
gonpo,गौनपो,गोपो
vesle,वसल,वसल
shaao,हाओ,शाओ
hamidan,हपिदान,हामिदन
weeks,विकस,वीकस
mineral,मिनरॉ,मिनरल
centennial,सटनिया,सटनियल
bastiyo,बसतियो,बसतियो
bagbagichon,बारवईिचो,बागबगीचो
pranit,पराित,परनीत
bhedabhaavon,खडतावो,भदभावो
karaahanaa,करःधणा,कराहना
greenville,गरीनविल,गरीनविल
sherawat,षरावत,सहरावत
ralaud,रलौउ,रालोद
jatakon,जटको,जातको
rishte,रिशट,रिशत
bentonville,कटोविल,बटनविल
najibabaad,नजीभहऊौद,नजीबाबाद
financiers,हाइनशीयरो,फाइनसरस
phatahee,घटही,फटही
kerala,करॉला,करला
ladaaiyon,लडाइयो,लडाईयो
harijan,हरिजन,हरिजन
whitaker,विईटकर,वाईटकर
vidisha,विडीषा,विदिशा
paul,पॉल,पॉल
aryon,एरिो,आरयो
khilana,खिलगणा,खिलाना
chhutane,झतन,छटन
dukhiyon,दखियो,दखियो
poorneshwari,पगनशवाी,परणशवरी
visabal,विसबॉ,विसबल
daramyanee,दरमयणनी,दरमयानी
yari,यॉदी,यारी
vidhamaan,विधमान,विधमान
yatraein,यतरौए,यातराए
sunteck,सटक,सनटक
gujarata,गणरता,गजारता
niyanta,नियता,नियता
dum,डि,डम
awasthi,आवाथि,अवसथी
plus,पलज,पलस
bhen,हण,भ
stops,एटॉपर,सटॉपस
dhakelte,हकलत,धकलत
kpo,कपीओ,कपीओ
damghontu,दमघोटन,दमघोट
insano,इसानो,इसानो
merraige,मरा,मरज
asfalt,एसफाट,एसफालट
laundry,लॉउडि,लॉनडरी
ratnaabhooshan,रतनाभषण,रतनाभषण
ski,सका,सकी
dushwaariyon,दशवारियो,दशवारियो
anupryogon,ऐनपरिोगण,अनपरयोगो
deshseva,दशसवा,दशसवा
lela,लिा,ललऽ
jagaragallu,जगरपथउळ,जगारागलल
mejbani,मजभाी,मजबानी
dehri,दहरी,डहरी
chkkar,चिटा,चककर
crawford,करिउयो,करोफोरड
guduri,गौरी,गदरी
dvc,डिवीसा,डीवीसी
prakriyagat,परकषियाघत,परकरियागत
nag,ना,नग
matsyavatar,मॉसयवनर,मतसयावतार
scootaron,सकतरो,सकटरो
ardhavishvas,आरधािषवो,अरधविशवास
daramyaanee,दरमयानी,दरमयानी
survanaa,शरगना,सरवणा
sthitiyan,सथितलया,सथितिया
dharmaanand,धरमाणद,धरमानद
sofner,सॉफनर,सॉफनर
squash,सकवष,सकवश
vidhansabhaen,विधासभाए,विधानसभाए
randolph,रणोलथ,रडोलफ
mezbaan,मजभान,मजबान
sprit,सपरित,सपरिट
sheelabhang,शीलाघग,शीलभग
kalmein,कॉम,कलम
swarnikaa,सवरणिका,सवरणिका
mandi,मणि,मडी
arthawyavasthataaon,आरहियवसचटाओ,अरथवयवसथताओ
kundaliya,कडलिया,कडलिया
nimkathana,निमकठाा,नीमकाथाना
farm,फारम,फारम
hatyaaropit,हसयारोपित,हतयारोपित
putta,पथमा,पटटा
faurensis,हॉरनिइ,फारसिस
purooshottamachary,परोषटतमचावी,परषोततमाचारय
bonds,बॉणदीएस,बॉनडस
shikaayatkartaa,शिखआयोकरता,शिकायतकरता
cronfrencing,करोउनपसिग,करानफरसिग
ubal,ईबा,उबाल
baabaao,बठईाओ,बाबाओ
halmatpura,हलमटपरा,हलमतपरा
haqeeqat,हकीबत,हकीकत
barman,गरमण,बरमन
vartmaan,वरटमान,वरतमान
baantin,बातीन,बाटी
achanbha,अचनभा,अचभा
jiwanparyant,जीआनपरयत,जीवनपरयत
wadara,वॉनररा,वदरा
sadaqen,सदकोण,सडक
aisa,एिईजनी,एसा
jyotishyshastron,जञोठिशहधासटरो,जयोतिषयशासतरो
pythagoras,पिथागोरस,पाइथागोरस
engelin,इगलिन,एजलिन
kapolkalpana,कॉोडीलपणना,कपोलकलपना
dropadiyon,दरॉपाियो,दरोपदियो
rozlyn,रोजलिन,रोजलिन
sriram,शरीआाम,शरीराम
gopaalak,गोपालक,गोपालक
bangbandhu,बगमधध,बगबध
mistriyan,मॉसटरीयो,मिसतरिया
usay,ईसा,उस
mercado,मरकादो,मरकाडो
maisore,मसोर,मसोर
offshor,ओफशोर,ऑफशोर
kapurthala,कपरथला,कपरथला
sahovaliya,सहोवलिया,साहोवालिया
maladahiya,मलडढहीयो,मलदहिया
hymen,हिइटन,हाइमन
indaurnagar,इदौकनगर,इदौरनगर
visheshagyataon,विशखणगञतऊोओ,विशषजञताओ
usaki,यसखी,उसकी
caplin,कपलिन,कपलिन
mahapran,महापरण,महापराण
rupesh,रिश,रपश
reno,रनो,रिनो
sudeepton,सदीपथो,सदीपतो
swamy,सवॉी,सवामी
amara,अमरि,अमारा
vyavasthaamoolak,विगसथामलक,वयवसथामलक
sensing,सनिग,ससिग
tyler,टाइलर,टाइलर
sangareddi,सघरदडी,सगारडडी
pehno,फहनो,पहनो
mardani,मरदनणी,मरदानी
bamleshwaree,कॉषवरी,बमलशवरी
deewani,दिवाणो,दिवानी
fincorp,फिनबॉरप,फिनकॉरप
navaa,नवा,नवा
shimat,शिमत,शिमट
sohawal,सोहावल,सोहावल
banaam,बनाम,बनाम
prawrutriyon,परावबतधियो,परवतरियो
xiong,सियो,शियोग
varsted,वॉषटड,वरसटड
raajon,राजो,राजो
cheekhana,दीखणना,चीखना
naimul,नमउ,नमल
badhotri,बढोटरी,बढोतरी
antony,एटोनी,एटोनी
chhanyasa,झनयासो,छायसा
nirdeshikaa,नोरदशीका,निरदशिका
niptaaraa,निपटौरा,निपटारा
judne,जडन,जडन
sujhati,सझाि,सझाती
pathalogist,पथौलोजिसट,पथलॉजिसट
tide,टिद,टाइड
shrungar,फरगढ,शगार
braandes,बराउस,बरानडस
parmeshvarpur,पामशवलीत,परमशवरपर
jedateeisaaft,जणमचिअाऊट,जडटीईसाफट
uddhaatan,ऊदघातण,उदधाटन
stan,सटान,सटन
aadivaadiyon,आदीवाडियो,आदिवादियो
julaahon,जलाहो,जलाहो
maharaja,महरदजा,महाराजा
gatishilata,गठिशीलता,गतिशीलता
shipra,शिपरा,शिपरा
tribunal,टरिभणॉल,टरिबयनल
khyber,खिबर,खबर
wanvibhag,वणइिभाग,वनविभाग
ghataatop,घटाओोप,घटाटोप
dharmagranthon,धरमगलथो,धरमगरथो
prawrittiyon,परवलतियो,परवततीयो
gaanth,गाथ,गाठ
mysore,माइजोर,मसोर
sehgal,सहगा,सहगल
namkin,नमकिइ,नमकीन
vaidh,वधोहहहहफऑञञ,वध
vanaspatiyaan,वणसपठिया,वनसपतिया
jiangkou,जिआनघकोउ,जियागकोऊ
pakhandi,पछणी,पाखडी
protekts,परॉटकषस,परोटकटस
elbaino,इलबिनो,एलबाइनो
linden,लिधदन,लिडन
sohaval,सोहवल,सोहावल
bhurbhura,भविोा,भरभरा
gastrology,गशतरोलॉजी,गसटरोलॉजी
widroop,विडरप,विदरप
sajsajja,सजदकना,साजसजजा
raatrichar,रातदीछो,रातरिचर
rojana,रोजनच,रोजना
jalbhrav,जलभरव,जलभराव
montgomery,माटगोहरी,मोटगोमरी
sev,सव,सव
bhrastrachariyon,बरसटपकचावियो,भरषटराचारियो
dwn,डीएन,डीडबलयएन
streshan,सतरषा,सटरशन
ganthe,गठ,गाठ
gehlot,गहलॉट,गहलोत
chhateni,झतनी,छतनी
vishwasniiya,विशजसनीयो,विशवसनीय
jivaniyan,जीवणधयो,जीवनिया
dastaanen,दसतान,दसतान
dhona,ढोना,धोना
kharuwaar,खरवाउ,खरवार
suriname,शरीना,सरीनाम
mangalsinh,मगलसिह,मगलसिह
anyonyashritta,एनयोधशशरिता,अनयोनयाशरितता
ninties,निटीजोपपओओऔऔ,नाइनटीज
paancholaas,पढधोलाज,पाचोलास
reson,रिो,रसो
vaataanukooliton,वाटौउकलिषो,वातानकलितो
chatushkoniya,चौषकोनिया,चतषकोणीय
aamdi,आमदी,आमदी
dushtaapurvak,दषटापरवक,दषटतापरवक
bechate,कठत,बचत
chuka,खका,चौका
mizoram,मिजोराह,मिजोरम
torrance,टॉरणन,टोरस
anuchit,एनचित,अनचित
avarodhak,आवरोधक,अवरोधक
ross,रॉउ,रॉस
achyut,एचयट,अचयत
oodhami,फधाी,ऊधामी
haraval,हरावल,हरावल
gould,गौउड,गोलड
daaw,दाव,दाव
srijanvigyanee,शरीजणविगञानी,सजनविजञानी
nextgen,डकसटगी,नकसटजन
rukavaton,रकवतो,रकावटो
bhavanaon,हवणौओ,भावनाओ
dehdhaari,दघखारी,दहधारी
parikhaen,परिखौए,परीकषाए
utaney,यटनी,उतन
sanskrition,साकथियो,ससकतिओ
prospex,परॉजलकष,परॉसपकस
naeedilli,नबडलॉी,नईदिलली
saayn,सायोीीञञझझझझझझ,साय
geneva,गणवा,जिनीवा
rasad,रसदध,रसद
baramula,बरमलो,बारामला
vandemataram,वदिटरम,वनदमातरम
safari,सफरि,सफारी
chamba,ढमबा,चमबा
sawal,सवॉ,सवाल
bannari,बनदी,बननारी
fatehpur,फतहपर,फतहपर
pehnate,फहनत,पहनता
spray,सपरा,सपर
normal,नोरमल,नॉरमल
allout,एलॉउट,ऑलआउट
manassas,मणॉषोस,मनासस
mantriyonke,मारियोक,मतरियोक
karyakaryakartaon,खाऋयौचरपिौगतःओ,कारयकारयकरताओ
phaadanhe,घादनः,फाडन
greg,गरि,गरग
baitool,बटो,बतल
kushan,खशान,कषाण
subbanee,सबगनी,सबबनी
infibeam,इनफिबवम,इनफिबीम
khatakhataakar,खटलमाईर,खटखटाकर
chachaji,चॉाजी,चाचाजी
chandrabali,चणरभलि,चदरबली
baripada,बरिपदडा,बारिपदा
roohelkhand,रघलखण,रहलखड
ghairakaanoonee,गरकॉणोी,गरकाननी
aarekhah,परखाह,आरखः
pramukhkarmiyon,परबखकषमियो,परमखकरमियो
lee,लि,ली
thiyeters,थायटरस,थियटरस
assam,एशिा,असम
faanon,झानो,फानो
jyada,जयपडा,जयादा
theateron,थीटरॉन,थियटरो
safaikarmi,सफिईकरमी,सफाईकरमी
bieseses,बाजपो,बीएसएसएस
cronfrensing,करोफयसिग,करानफरसिग
jeevraaj,नीवराओ,जीवराज
thirake,थिरक,थिरक
shaksubahey,शकतबढही,शकसबह
paratrooper,पहाटौोो,पराटरपर
dabhara,दभरण,डभरा
usi,यएसिइ,उसी
nihsandeh,निभसडदघ,निःसदह
mahanatam,महनतर,महानतम
banthia,बठिया,बाठिया
anam,एनाम,अनम
kashmir,कामिर,कशमीर
baavadee,बावदी,बावडी
bhutto,हटनो,भटटो
maarake,हारक,मारक
kaaryayojna,कारयवोगन,कारययोजना
francisko,फरनईिषखो,फरासिसको
adani,ऐदानी,अदाणी
dhuriyaa,हरिया,धरिया
mhavidya,महविदया,महाविदया
megapixel,मगापिकसल,मगापिकसल
cryptocurrencyon,करिपथोचयअसशन,करिपटोकरसियो
muth,मथ,मठ
authoritee,यथोरिटी,ऑथोरिटी
aparivartanshil,एपरिवकतशचल,अपरिवरतनशील
pradhanmantriki,परघानमटतिकी,परधानमतरीकी
aagaashe,आगाश,आगाश
navjaagaran,नवजागरण,नवजागरण
attraa,ऐटरा,अटटरा
ubala,यबॉला,उबाला
amanati,आमनति,अमानती
khammam,खमता,खममम
haaranaa,हॉरणा,हारना
bhavabhivyaktiyon,भाळळीजयकतिओो,भावाभिवयकतियो
pushkar,पशकर,पषकर
shaantiyon,हानियो,शातियो
nerolac,नरोलक,नरोलक
chauka,हौका,चौका
siddhalingaa,सिदघलीगा,सिददालिगा
bharatnatyam,हरतनथयम,भरतनाटयम
javabah,जवकबःह,जवाबः
dushwariyon,दशवरियो,दशवारियो
manchiy,मछिय,मचीय
jiyo,जियो,जीयो
sapramaan,सपरमाण,सपरमाण
sim,सिम,सीम
peeechdablyooseees,पिचकभयौसहजीज,पीएचडबलयसीएस
bahav,बहव,बहाव
tik,टिक,टिक
agavai,आगामीईईससऽऽ,अगवाई
higman,हिगमा,हाइमन
qiwi,किवी,कयआईडबलयआई
agyat,आगञा,अजञात
agende,एगणर,एजड
lynchburg,लिचबरग,लिचबरग
maangeena,मॉगीना,मागीना
khatakhataaegee,खतःराएगी,खटखटाएगी
jodhikaa,जोधिका,जोधिका
srujanvigyaani,शरजणघिलयानी,सजनविजञानी
detasan,दिाशन,डटसन
badalwa,बढलवा,बदलवा
urf,यरि,उरफ
chhaapemaar,छौइमार,छापमार
lux,लकष,लकस
bhopal,भोपा,भोपाल
phalibhoot,फाीभो,फलीभत
paithelaujist,पथलॉजिसट,पथलॉजिसट
paryaptta,परयोतटा,परयापतता
furti,फरति,फरति
mrutyuniwaarak,मतणिवारक,मतयनिवारक
maruti,मरति,मारति
uthaakar,ऊहाकर,उठाकर
alo,एलो,एएलओ
pegaw,फगाव,पगव
pilibhit,पालीभषत,पीलीभीत
somi,सोमी,सोमी
sanchalnon,सचलणो,सचालनो
kanchipuram,कथिपरम,काचीपरम
daraatee,दरकटी,डराती
yaddasht,याधषठ,याददाशत
sabudana,सभदगणा,साबदाना
welding,वॉडिग,वलडिग
veronica,वरोनिका,वरोनिका
stimberwala,सटिभरवॉला,सटिमबरवाला
mayajaal,मयजॉल,मायाजाल
pes,पीज,पस
atul,एटल,अतल
outomaitically,ऑतोमटिकली,औटोमटिकली
jaanchana,जाचनो,जाचना
mithilanchal,मिठीलाचक,मिथिलाचल
phiksingah,फिकसीगः,फिकसिगः
sajetee,साती,सजती
plano,पलानो,पलानो
visangatiyaa,विसगठईया,विसगतिया
khhomche,खोमच,खोमच
lagna,लगना,लगना
mukeshwari,मकषवरी,मकशवरी
tasvaaron,तसवारो,तसवारो
dev,डि,दव
vesh,रश,वश
jyothy,जयोठी,जयोथी
landal,लणा,लडल
viraangnaaon,विरौगणाओ,वीरागनाओ
yanit,यणित,यनित
purnia,परनिया,परणिया
chauk,ढौक,चौक
ladeen,लडीन,लडी
chest,शसट,चसट
kasega,कसगा,कसगा
abut,एबत,एबट
renuka,रणका,रनका
loowe,लो,लव
gulaabaag,गलआबॉत,गलाबाग
lajjalu,फजनौध,लजजाल
sabhaar,सभार,साभार
gairarashtravaadee,गणपसषटरवादी,गरराषटरवादी
dhaavakon,हावको,धावको
lim,लिम,लिम
vidhaaein,विधाए,विदयाए
svayamsveekrat,सघयममीकरत,सवयसवीकत
electrotex,इलकटरॉथिस,इलकटरोटकस
ramraj,रौमदाज,रामराज
janbhavna,जञभवणो,जनभावना
yauniktaa,यौनिकता,यौनिकता
haathe,हॉथ,हाथ
dune,डन,दन
protects,परॉटकषस,परोटकटस
vareinye,वॉणय,वरणय
mazboori,मजभरी,मजबरी
praveenchand,परवीणछद,परवीनचद
vaigyanik,वजञणिक,वजञानिक
torrent,कॉरन,टोरट
aatmayen,आतमयोनीसजजझझझझ,आतमाए
samprati,सपराि,सपरति
matthe,मटघ,मतथ
savita,सविता,सविता
atlantic,एटलननिक,अटलाटिक
jalgti,जौगती,जलगति
chacchaa,चिा,चचचा
afreen,एफरीन,आफरीन
bazaru,बजर,बाजार
chauki,हौकी,चौकी
pharse,फारस,फरस
tuning,टनिग,टयनिग
nodaraanee,नोडराणी,नोडरानी
maum,मॉउर,मौम
vidhaanee,विधानी,विधाणी
gujar,गडा,गजार
pakadkar,पॉडबर,पकडकर
aankhen,ौखन,ऑख
aapka,यपका,आपका
warner,वॉउनर,वारनर
anvaharya,ऐनघभरयो,अनवाहारय
likhehain,लिभहान,लिखह
paathyakram,पाठयकरम,पाठयकरम
shavkon,शािो,शावको
yarooshaleim,यरषलीम,यरशलम
mandalaayukto,मणलाएकतो,मणडलायकतो
naino,निो,ननो
jhaaiyaan,झआइयो,झाइया
simferopol,सिमघरोपॉल,सिमफरपोल
dhamm,ढाो,धमम
nikharegaa,निखरगा,निखरगा
ghumaan,हमान,घमाण
hounga,हॉगा,होऊगा
dhakal,हकल,ढकाल
sagarika,सफगरिको,सागरिका
bernard,बरनाउड,बरनारड
yogabal,योगाबल,योगबल
breweries,बरवयीज,बरवरीज
dish,दिश,डिश
aithan,ऐथान,ऐठन
vartamaan,वरतमान,वरतमान
tremasik,टरमासिक,तरमासिक
tasvire,तसविर,तसवीर
vyvhargat,विषहरगत,वयवहारगत
maratha,मरतठ,मराठा
banvaa,बनवा,बनवा
svarnika,सवरणिका,सवरणिका
prasath,परसथठ,परसाथ
overall,ओवराल,ओवरऑल
purwafalguni,परवाफौगणि,परवाफालगनी
properphasebook,परोफगघाजकष,परॉपरफसबक
suven,सवन,सवन
sapate,सपट,सपाट
jh,झहचयआआलललऋ,झ
karghe,करघ,करघ
deshkaal,दषकाल,दशकाल
nathdwara,नॉउडवारो,नाथवाडा
thanvi,थावी,थानवी
oran,ऊरान,ओरण
serrano,सरानो,सरानो
ear,ईार,इअर
submission,सबरिशन,सबमिशन
dharak,हरक,धारक
tadad,तढमद,तदाद
greenwood,गरीनउड,गरीनवड
haute,हॉतिनपईईज,हाउत
behuria,बहरिया,बहरिया
niyantaaon,नियताओो,नियताओ
churu,ढर,चर
missouri,मिसौरी,मिसौरी
anyaya,एणयार,अनयाय
generat,जणरा,जनरट
nyutest,नयषसट,नयटसट
garud,गरद,गरड
swaastikakaar,शवॉजटिकषधर,सवासतिकाकार
shaie,हा,शइ
siddhantavaadiyon,सीढधनतवाडञयो,सिदधातवादियो
anawashyak,एनवशयक,अनावशयक
seaten,सिटन,सीट
gulshan,गलषान,गलशन
riya,रिया,रिया
firmian,फॉरमियन,फरमिऑन
tyre,टाइर,टायर
chi,सिहइइपओऔऔललळ,ची
badlapur,बडलापर,बदलापर
yuddhanaukaa,यदधनौका,यदधनौका
nbcc,एनबिसापा,एनबीसीसी
shreeganganagarvaasiyon,शरीघणनावरससइिओो,शरीगगानगरवासियो
udaa,ईडा,उदा
cambridge,कमबरिग,कबरिज
airway,एचरव,एयरव
idol,इणडोओल,आइडल
calumet,कलमट,कलयमट
aajmaanaa,आजमॉना,आजमाना
tantrikao,टनरिकाओ,ततरिकाओ
jonesboro,जानसबोरल,जोनसबोरो
buddhijeewon,बदधिजपवो,बदधिजीवो
klozup,कलोजप,कलोजअप
nmdc,एनपमडीसी,एनएमडीसी
raashtrapit,ऋाषठगपित,राषटरपित
kamarhati,कमरघति,कमारहाटी
asphault,एसफौउट,एसफालट
fransisko,फरणजिषको,फरासिसको
bhalla,हॉता,भलला
maulvidon,मौलविदो,मौलवियो
narwar,नॉवार,नरवर
lahlahati,लॉगभतटी,लहलहाती
byaawa,बयौवो,बयावर
ghataaegi,घटाएगी,घटाएगी
naamajadagee,नामजडगी,नामजदगी
takah,तकः,तकः
sevagram,सवॉघराम,सवागराम
laamiyan,लॉमियो,लामिया
gin,जिआई,जिन
swechha,सवछा,सवचछा
antadiyaan,ऐटडिया,अतडिया
arya,आरिा,आरयो
polishing,पॉलीशिग,पॉलिशिग
jokhimabharaa,जोखीमहऊरप,जोखिमभरा
umadatee,ऊमदती,उमडती
tantra,टनरा,ततर
samoa,समोआ,सामोआ
csi,सीएनआई,सीएसआई
mandya,मणिा,माडया
lawrie,लवरिय,लॉरी
pahante,फहन,पहनत
ankor,एनॉर,अकोर
nimnavat,निमणवत,निमनवत
rapping,रपिग,रपिग
roopesh,रफश,रपश
pratibaddhata,परतिबडघना,परतिबदधाता
nadep,नदि,नाडप
sailaaneepan,सलाईीपण,सलानीपन
menrajya,मनरजय,मराजय
daav,दाव,दाव
aaboorod,यगरोड,आबरोड
pathyakramon,पथधयकरमो,पाठयकरमो
nividaataaon,निवीदातौओ,निविदाताओ
gandhipura,गढीपरा,गाधीपरा
phwcs,फिवॉएनडी,पीएचडबलयसीएस
narayangadh,नारयञगढ,नारायणगढ
jaylalita,जयशिटा,जयललिता
susanskrut,सजाकरथ,सससकत
masood,मसो,मसद
woonsocket,वणोकष,वनसोकट
sanskrutiyan,सचकरठिया,ससकतिया
urff,यजरएफ,उरफ
theratipally,थरटिपॉडी,थराटीपलली
pratinirdesh,परतिनीवदश,परतिनिरदश
ulhaaspur,ऊलहासपर,उलहासपर
pahanate,फहनत,पहनत
dhawakon,हवको,धावको
bhagedh,घजढ,भगड
pransangali,परानगळि,पराणसगली
jalvayu,जलवय,जलवाय
bhijvaai,हिजवाई,भिजवाई
sayra,सयरा,सायरा
krendron,करणदॉ,करनदरो
maujud,मौजद,मौजद
siddhaant,सिदघात,सिदघात
kamyuniketars,कवयनिचतरो,कमयनिकटरस
chidchidapan,छिडधीदाण,चिडचिडापन
muthoot,मघट,मथट
wiwekadhikaron,विईयडधीकारो,विवकाधिकारो
maloun,मलोउन,मलौन
cincinnati,सिउफगथी,सिनसिनाटी
registan,रजिसतान,रगिसतान
parosne,पाोसन,परोसन
vichaarakon,विचारको,विचारको
janbhawna,जञभॉवोा,जनभावना
andaman,ऐदामन,अडमान
badyal,बढयाल,बडयाल
morepen,मोरफन,मोरपन
beard,बिपड,बियरड
nodarani,नोडापणणी,नोडरानी
dikhayee,दिखाई,दिखाय
chink,ढिक,छीक
wyakhyatmakta,वयौखिॉटमकता,वयाखयातमकता
shaishav,शइा,शशव
aainthoo,ऐठो,आइथ
ahemdabadah,ऊहिदाबढढः,अहमदाबादः
jaayke,जाइक,जायक
cigniti,सॉगणथटी,सिगनिटी
kurukshetra,करजषटधा,करकषतर
pravritteeyon,परवगतियो,परवततीयो
charcha,चरषा,चरचा
lakshmeechandra,लकषमीचदर,लकषमीचनदर
hammond,हमरोि,हमड
nibhaegi,निभाएी,निभाएगी
dhunai,ढनाय,धनाई
janbhaavna,जञभावणो,जनभावना
cant,साोतरीीफफफऋऋझ,काट
melaghaat,मलघौत,मलघाट
mue,मइचीीररछछछझझ,मऐ
shwing,शविग,शविग
dampatya,दमसटया,दापतय
kpada,कपढडा,कपडा
santati,सथाि,सतति
maanavtarhit,मानवतःिष,मानवटरहित
anuprayogi,ऐनपराोगी,अनपरयोगो
harvey,हरवीयईईळञ,हारव
kaju,काो,काज
cerritos,करितॉज,सररितोस
texmaco,टीसमानो,टकसमको
sanchar,सचर,सचार
tuth,टघ,टरथ
lozano,लॉजानो,लोजानो
ropaney,रोपनी,रोपन
hollywood,होलीवड,हॉलीवड
chhinke,झिक,छीक
dhamma,ढबता,धममा
technoplast,थकनौपलासत,टकनोपलासट
pujapath,फजाथ,पजापाठ
chanan,हानो,चानन
shrankhalaaon,शरखलाओ,शरखलाओ
chhednaa,झडना,छडना
carbogen,कारबोजन,कारबोजन
vyavadhan,वयाभधन,वयवधान
schultz,शलटज,शलटज
istrailiyon,इसटराीलिओो,इसतराइलियो
squash,सकवष,सकवाश
danville,दाविल,डनविल
prana,परणना,पराना
thaakurvaadee,थौकरवादी,ठाकरवादी
prayogshaastra,परयोगशासतव,परयोगशासतर
wyakteeyon,वयकतिओो,वयकतीयो
metrologist,मीरोलॉजिसट,मटरोलॉजिसट
madhura,मढरा,मढौरा
paliyon,पाियो,पालियो
denver,डिवर,डनवर
apj,एफज,एपीज
beni,जनी,बनी
pratisthaan,परतिसथान,परतिसथान
bhrashtaachaariyon,भरसटकचाइियो,भरषटाचारीयो
lakeer,लकीर,लकीर
sudhaargrah,सधारगढ,सधारगह
sandali,सडली,सदली
jagriti,जारि,जागति
talwar,तलवयर,तलवार
janashiksha,जणशिकषा,जनशिकषा
tapuwo,तपवो,टापओ
bulletin,बलटीन,बलटिन
ballebaajee,बॉफकाजी,बललबाजी
maadheekhedhaa,माइीखण,माडीखडा
arthshaastriyon,अरथशासतवियो,अरथशासतरीयो
scaining,सकनिग,सकनिग
mehman,महता,महमान
rahegi,रहगी,रहगी
jamshedpur,जाशदपर,जमशदपर
tyauharon,तयौधरो,तयौहारो
darshaana,दरषाणा,दरशाना
beechbachaav,बीचभधाव,बीचबचाव
sulati,सलाि,सलाती
varshan,वरषण,वरशन
sudhaaratee,सधारटी,सधारती
wasaamukt,वसौऊकत,वसामकत
patil,पॉिल,पाटिल
jewaab,जिाब,जवाब
soto,सौटो,सोटो
dhtuen,ढतयननआईईलल,धातए
dose,डोज,डोस
bhaagadaud,हागदौउ,भागदौड
pagabadha,पगौभधः,पगबाधा
arushi,अरषि,आरषि
agusta,एगसता,अगसता
titan,तिया,टाइटन
equities,इकविटीजो,इकविटीज
airtel,एहरटल,एयरटल
alaps,एलपि,ऐलपस
naksali,नकषाली,नकसली
achivement,एचिवमट,अचीवमट
galaega,गलएड,गलाएगा
foodon,फडो,फडॉन
rajnichi,राजनिची,राजनीचि
arya,आरिा,आरय
streamwood,सटरीमवॉ,सटरीमवड
ghot,गोउ,घोट
music,मसिक,मयजिक
purkayastha,परकासथः,परकायसथ
nora,नोरा,नोरा
tonic,टोनिक,टॉनिक
gujaarne,गडारण,गजारन
water,गॉर,वाटर
sunsaan,सनाव,सनसान
sirsa,शिरणा,सिरसा
tangirala,तगिरॉला,टगीरला
hanson,हसो,हनसन
varun,वॉण,वरण
dreijer,डरजय,डरजर
doudaate,दौपत,दौडात
sharabon,थरबो,शराबो
vyakteeyon,वयकतिओो,वयकतीयो
saatseraa,सौटिरढ,सातसरा
darjano,दरजनो,दरजनो
agniyaan,ऐगनिया,अगनिया
dhonaa,ढोना,धोना
karyakartriyon,कारयौबटतपिओो,कारयकरतरियो
awasthaen,ऐवसथाउ,अवसथाए
himamaanav,हिमौऊणवर,हिममानव
two,टवोओओओफचऔऔछछ,ट
ail,एिईसल,ऐल
bandhuon,बढौ,बधओ
shraddhavanon,शरदधावणो,शरदधावानो
mariyo,मरियो,मारियो
vyaghat,वयःघॉट,वयाघात
michael,मिछौयउ,माईकल
adrgh,एदरघ,अदरघ
vitthal,विटशॉ,विटठल
prarup,पराोड,परारप
dhoondhti,ढनति,ढढती
dubana,दबतणा,डबाना
ladne,लडन,लडन
form,फारम,फारम
zuari,गअरी,जवारी
pariwarwale,पढिवॉदखळल,परिवारवाल
peranormal,पीणोकमल,परानॉरमल
bhuvneshvaprasad,घलनशवपरसाद,भवनशवपरसाद
iris,आदपरिईएन,आईरिस
pratigyapoorn,परतिघञादण,परतिजञापरण
lebalon,लबाउो,लबलो
shreekrushnan,शरीकषणन,शरीकषणन
snikarse,सनीकरो,सनीकरस
kain,कनिररईईईढञऋ,कई
bhooswaami,भसवामी,भसवामी
karta,करता,कटरा
anyay,एणया,अनयाय
nokari,नोकारी,नोकरी
precision,परीसायो,परिसिशन
chrom,करोउ,करोम
jue,गऊमीीचऔऔऔछछऋ,जए
bowling,बोलिग,बोलिग
taapti,तापषि,तापती
catholicon,खठहलिइॉन,कथोलिको
nazarandaz,नजरौणदो,नजरदाज
mulchand,मलचन,मलचद
sweccha,सवचा,सवचछा
nanyaulaa,नियौला,ननयौला
ghontana,झोटना,घोटना
advaitwad,एदवतईाढ,अदवतवाद
underwood,ऊनरवॉ,अडरवड
lubhaavna,लभावणक,लभावना
petroselee,पतरोसली,पटरोसली
amdi,एमदी,आमदी
ropane,रोपण,रोपन
daisy,डसी,डजी
jababee,जभरी,जबाबी
cup,सिउरएएएऔऽऽढढझ,कप
phaade,हाद,फाड
ulahna,ऊलहणा,उलाहना
unnatiyon,ऐनसतियो,उननतियो
molina,मोलिना,मोलिना
gaandchubhonachoosnachhote,ाौधोषणोससउथःत,गाडचभोनाचसनाछोट
han,हा,हा
pradarshan,परदधषन,पररदशन
sarjuga,सरजगा,सरगजा
bidar,बिडार,बीदर
amargad,अमरघढ,अमरगढ
juye,जय,जए
tonk,टोक,टोक
devaapur,दवापर,दवापर
intelligence,इटलागश,इटलीजस
neetiyon,नीटियो,नीतियो
khanaudaa,झनौडा,खनौदा
porbandar,पोरबनव,पोरबदर
sim,सिम,सिम
lagnesh,लगनश,लगनश
gaayikao,गौईिकॉओ,गायिकाओ
prishthabhoomiyon,पषटभमियो,पषठभमियो
moolchand,मलचन,मलचद
silchar,सिलचर,सिलचर
margarita,मॉरघलिता,मारगरिटा
udakishuganj,उदािशघण,उदाकिशनगज
sirtee,सिरटी,सिरती
yamala,यमॉला,यमला
prashikshu,परशिकष,परशिकष
sierra,सियरा,सिएरा
aalhaa,आलहा,आलहा
peck,पकसन,पक
taskhir,ताखिर,तसखीर
daka,डॉको,डाका
nominate,नॉमिणत,नॉमिनट
sapat,सपत,सपाट
coimbatore,किउबटोर,कोयमबटर
koraput,कोराउत,कोरापट
svayattshasan,सवयगथषॉणन,सवायततशासन
vidyutikrit,विदयथीकर,विदयतीकत
kikiyaanaa,खिजीयौना,किकियाना
arunaai,ऊरणाई,अरणाई
rigal,रिगा,रीगल
diamond,डिइमोन,डायमड
mridubhaashee,मदभाषि,मदभाषी
walters,वॉउटरो,वालटरस
sutrapada,सतरपणडा,सतरपाडा
keeti,कफति,कीति
zilaadhikaari,जिलौधथकारी,जिलाधिकारी
mangesh,मगश,मगश
pension,फशि,पषन
laganewale,लगणवाड,लगनवाल
jilavasiyon,जीलावशसहयो,जिलावासियो
ploskee,पलॉजकी,पलोसकी
eksath,एकसाठ,एकसाथ
sekhar,सखा,सखर
dow,डॉओवीबचचफफफञ,डीओडबलय
ardhawishwaas,अरधनिषवास,अरधविशवास
rajasthan,राजशथहन,राजसथान
vikaskhand,विकाशखण,विकासखणड
samshayon,समषाओो,सशयो
badhanaa,बढना,बढना
classon,कलाो,कलासो
ikhrul,ईखरल,उखरल
furaame,फराम,फराम
ebaz,ईबाज,एबज
baataaya,बठतयो,बाताया
jushantan,जशान,जशानतान
strong,सटरोग,सटरॉनग
rajnitikaron,ऋाजनीटिकौो,राजनीतिकारो
panipat,पणिमत,पानीपत
blankaard,बलनकारड,बलाकारड
jhabua,झबआ,झाबआ
jacinto,जशितो,जकिटो
barahsinga,बरःसिगल,बारहसिगा
suchnah,सचनाह,सचनाः
electromagic,इलकटरोमघगिस,इलकटरोमजिक
lalmani,लॉउमणनी,लालमणी
bhaaulaal,हौताव,भाऊलाल
kathua,कथआ,कठआ
palaari,पलारी,पलारी
amitao,ऐमिटाओ,अमिताव
tadanrustee,तदनरसची,तदरसती
vaabastaa,वॉबसतः,वाबसता
vlad,वलडाद,वलाद
slash,सलाष,सलश
waterbury,वॉउरभधी,वाटरबरी
selfie,सलफाय,सलफी
luis,लिजोरएससशऽऽऽझ,लईस
panchasootra,पछसतर,पचसतर
aryama,आरिमत,अरयमा
vaadak,वादक,वादक
junction,जसचशन,जकशन
generic,जणरिक,जनरिक
jiya,जिया,जिया
aden,एडि,एडन
sophner,सॉफनर,सॉफनर
qwvga,कविा,कयडबलयवीजीए
dhvanimikon,धवाीमिको,धवनिमिको
feeds,फीडस,फीडस
sukadiyaal,सकडियाल,सकडियाल
angadh,ऐगा,अनगढ
bavji,बावजी,बावजी
chhodiye,छोडिए,छोडिय
cipla,सिपईवलए,सिपला
vigyanon,विजञाो,विजञानो
dhasmaanaa,ढसमाणा,धसमाना
longewal,लोजवास,लोगोवाल
badam,बदम,बदाम
atraikt,एटरको,अटरकट
saraaha,सराधो,सराहा
nrityashaili,नतयशली,नतयशली
sanvari,सवरि,सवरी
yakshadhipati,यकषछधीपति,यकषाधिपति
arabpatiyon,आरबपतियो,अरबपतियो
mukaddamon,मकडधाो,मकददमो
phode,फोद,फोड
sihunta,सिघटा,सिहता
jeewan,जीवान,जीवन
dhoondhata,ढनता,ढढता
cruces,करिज,करसस
kaaryakartriyon,काऊयजरतपिओो,कारयकरतरियो
pratibaddhtaaen,परतिबढौायःए,परतिबदधताए
dlw,डिएलवर,डीएलडबलय
plan,पीान,पलन
pailot,पलोट,पायलट
adhiwas,अधिवास,अधिवास
phainn,हि,फन
favvara,फलिरण,फववारा
halchal,हॉचन,हालचाल
wishvaweer,लिशवाीप,विशववीर
crest,करिट,करसट
brahmleen,बरहमलीन,बरहमलीन
virechan,विरछन,विरचन
yaaddaashta,यादोषतः,याददाशत
ujjain,यजाी,उजजन
sahyaatre,सहयातर,सहयातरी
jimme,जिमत,जिमम
sarawagi,सरयवगी,सारावागी
dekhiyegaa,दखिएगा,दखियगा
wajood,वाौद,वजद
kundal,कणा,कडल
ria,रिई,रिया
slider,सलाइडर,सलाइडर
management,मनजिट,मनजमट
karyakaaryakartaon,खाऋीौचहपिोगतःओ,कारयकारयकरताओ
cristis,करिइटाग,करिसटिस
ruktey,रकती,रकत
distrabyuters,डिसटरबयौउोो,डिसटरबयटरस
spell,एमपी,सपल
damapar,दमतपर,दमपर
thikane,थिका,ठिकान
interactuality,इनरकषयलिटी,इटरटकचअलिटी
cdyaan,सीयान,सीडीया
south,सौउथठचचछछछझझ,साउथ
aapkaa,औपका,आपका
nahinkarwaaee,नहिकरवाए,नहीकरवाई
jaagriti,जागती,जागति
choodhe,छढ,चड
thirty,थिरटी,थरटी
nadsa,नदसा,नकसल
gsm,जीएसओम,जीएसएम
gujarat,गणरत,गजरात
darshnarthee,दरशनातठी,दरशनारथी
nabha,नबछ,नाभा
dhokebaaj,ढोकभाज,धोखबाज
lega,लगा,लगा
beeaaeeaaeeteeem,बीअाओगपटिवम,बीआईआईटीएम
somwaar,सोमवार,सामवार
wanon,वाो,वाणो
audhyogikaran,औधयोगीकरण,औदयोगिकरण
agrahari,आगरहमी,अगरहरि
aafa,एफा,आफ
teemaardaron,टीमापदधरो,तीमारदारो
misra,मिसरा,मिशरा
cerebra,सिबॉा,सरबरा
naagrik,नागरिक,नागारिक
dastaar,दसतार,दसतार
makarh,मकरघ,मकरः
gtor,जिटोओर,जीतोड
ballistic,बलीसटिक,बलिसटिक
chadhegaa,छढगा,चढगा
maange,हाग,माग
nilabh,नीलभ,नीलाभ
mensharaab,मशराब,मशराब
singhade,सिघा,सिघाड
hisaarah,हिसारः,हिसारः
ramkot,राखोट,रामकोट
baithate,बठत,बठत
taskheer,ताखीर,तसखीर
ishaara,ईशारो,इशारा
solapur,सोलापर,सोलापर
mejbaani,मजभानी,मजबानी
florence,फलोरस,फलोरस
paraamarshak,परःमधषक,परामरशक
jhaadane,हादन,झाडन
theaters,थीटरस,थियटरस
aadaan,आदान,आदान
ambience,एमिागन,आबियस
surakshaah,सरकषाह,सरकषाः
hikaarico,हिकारीयो,हिकारिको
baanyaa,बठइा,बाया
rookvaai,रकवाइ,रकवाई
mitravat,मिईरावत,मितरवत
bokaro,बौकारण,बोकारो
maurya,मौरया,मौरया
pratinidhikaaree,परतिनोधिकावी,परतिनिधिकारी
chandramaon,चणरमौओ,चदरमाओ
parosane,परोसनी,परोसन
dhaiya,हइा,ढया
spirits,सपारितो,सपिरिटस
leandro,लीनदरो,लियानडरो
sean,सिन,शॉन
swarthparak,सवाधथपरक,सवारथपरक
chuchiyaan,छपिया,चचिया
mahamidiya,महतीडिया,महामीडिया
poorwajanmon,परवानमो,परवजनमो
shohadapantee,शोधडपति,शोहदापती
kushaan,कशान,कषाण
jamloki,जमलोकी,जमलोकी
everest,इवरसट,एवरसट
taswaaron,तसवारो,तसवारो
advivas,एडवियॉस,अधिवास
premlata,परमलता,परमलता
murrieta,हरिएटा,मररिएटा
vaimanasya,वमणसयो,वमनसय
kelly,कली,कली
tinplate,थिनपलच,टिनपलट
vaan,वान,वाण
mahamantr,महॉदतर,महामतर
mezbaan,मजभान,मजबान
shumali,षमाि,शमाली
fulaaye,फलाए,फलाए
pruitt,परिट,परट
rojvelt,रोजवलट,रजवलट
prashasanik,परशासनिक,परशासनिक
ulazaanon,ऊलजानो,उलझानो
patrakaarvarta,पटरकाजवगतः,पतरकारवारता
duar,डअर,दआर
kathfodave,कथफोदव,कठफोडव
bipin,बापॉन,बिपिन
offerh,ओफरह,ऑफरः
isayiyon,ईसाधिओो,ईसाइयो
propellent,परोएलटक,परोपलट
kansai,कनशी,कसाई
sikhin,सिखीन,सीखी
cdcl,शीडिपाएल,सीडीसीएल
abbott,एबिोट,एबोट
katlari,कटलारी,कटलरी
aadiwadiyon,आदीवाडियो,आदिवादियो
chitrakathaa,चितरकथाउ,चितरकथा
avshisht,अवशिषट,अवशिषट
phyuchuristic,फयचरिजटीक,फयचरिसटिक
tereeh,टरीह,तरीः
nanhe,नाह,ननह
avery,एवरी,एवरी
suba,सबा,सबा
shakhayen,शखतए,शाखाए
trikaldarshee,टरिकलडधशी,तरिकालदरशी
paalasaahee,पॉलसखही,पालसाही
failaiye,फलिएर,फलाइए
jhauvaa,झौवा,झउवा
jamati,जमति,जमाती
janhani,जढहाणी,जनहानि
ponding,पॉइिग,पोडिग
taswaron,तसवरो,तसवारो
deshkal,दषका,दशकाल
hichkichaa,हिचकीछा,हिचकिचा
basteeh,बसतीह,बसतीः
garibi,गरिबी,गरीबी
phadphadaaen,फदीडाए,फडफडाए
sitaram,सिटरणम,सीताराम
kmere,कमर,कमर
bairakpur,गइकपर,बरकपर
svayamswikrat,सवयपमिकरत,सवयसवीकत
kaasovo,कासनवॉ,कासोवो
majboori,मजबरी,मजबरी
convocation,कवोजशि,कनवोकशन
skipper,सकिपर,सकिपर
jaipur,जपर,जयपर
prasthaanon,परसथानो,परसथानो
narm,नाो,नरम
radiopremi,ऋडियोपषमी,रडियोपरमी
titagarh,टिअगढ,टीटागढ
chico,चिको,चिको
rajyamantreesvatantra,ऋाजयमथीशवषचनण,राजयमतरीसवततर
mainval,मनवा,मनवल
gujarana,गडरणो,गजारना
satluj,सालज,सतलज
jatiyon,जतियो,जातियो
anhoni,एघहॉटी,अनहोनी
telelinks,टलिफकष,टलीलिकस
labs,लबि,लबस
harawal,हरावॉ,हरावल
marriage,मरिजनन,मरज
maniya,मणिया,मनिया
tractors,टरकषोस,टरकटरस
kanchan,कढन,कचन
lairi,लइि,लरी
kaaryaawadhi,कारयोवधि,कारयावधि
jalbharav,जलभरण,जलभराव
bhaadaa,हॉदय,भाडा
baagora,बॉगोरण,बागोरा
piega,पिएगा,पिएगा
stephens,सटफनो,सटीफस
abhimat,अभिमा,अभिमत
accelya,एकफला,एकसलया
wirerless,वाइरलस,वायरलस
chauda,चौडा,चौडा
parbhani,परभाणी,परभणी
khaatedar,हाउदधर,खातदार
badhna,बढना,बढना
burch,गरच,बरच
upadrawon,ऊपदरवॉ,उपदरवो
tikiyon,टीकियो,टिकियो
milk,मिलक,मिलक
dubona,दबोना,डबोना
baker,बार,बकर
sutali,सताि,सतली
buddharam,बदघरम,बदधाराम
wealth,विथो,वलथ
patrani,पॉरणनी,पटरानी
ardhavishwaas,अरधनिषवास,अरधविशवास
paim,फा,पम
castaneda,कसतनणदा,कासटानडा
baljit,बाजीत,बलजीत
bhatnagar,हतनगर,भटनागर
jaatakon,झातको,जातको
ecuador,ईकवारो,इकवाडोर
swargdoot,सवरगडत,सवरगदत
rushikul,रशिकल,ऋषिकल
tate,टा,टट
kanthhar,खठह,कठहार
beaulad,बयौडा,बऔलाद
europea,ईरोपिया,यरोपिया
gaye,गाय,गए
dadreva,दौरवा,ददरवा
bikherane,बिखरा,बिखरन
hamlo,हमलो,हमलो
pakdaae,पकडाए,पकडाए
uplabdhiyon,ऊपलबधियो,उपलबधियो
colorado,कॉवोरादी,कोलोराडो
packard,पकाड,पकरड
jagruti,जारथि,जागति
andhra,ऐधरा,आधरा
chounkate,हौना,चौकात
bekhvaabiyaan,बखवासियो,बखवाबिया
naphaa,नफा,नफा
sinha,सिनःा,सिनहा
utpidan,यतपिडा,उतपीडन
saga,सजगा,सागा
aarya,परिा,आरय
dikhaaiye,दिखाइय,दिखाइय
anishtata,ऐनिषठता,अनिषटता
udan,ईडा,उडान
sanyuktawastha,सयकतवलथः,सयकतावसथा
shamtal,शमतल,शमलात
evava,ईवार,एवव
adhiwaktaagan,ऐधिवकतागण,अधिवकतागण
ralhan,रलधणन,रलहन
jhuthalane,झठलण,झठलान
purvaabhaas,परवाखौस,परवाभास
bijendrasinh,बीजनदरसथह,बिजनदरसिह
chinmani,चिनमाणी,चिनमणि
loksbhavaali,लोकषभवापी,लोकसभावाली
ladki,लाकि,लडकी
narsinghgarh,नरसिघधभ,नरसिहगढ
sanghathanamantriyon,सघठनमतरियो,सगठनमतरियो
roopi,रपी,रपी
karykartaon,खाइयोरतःओ,कारयकरताओ
augusta,ऊगसता,अगसता
manmarji,मणपरजी,मनमरजी
antrmukh,ऐतरमख,अतरमख
anumar,ऐनमार,अनमार
rishtanaataa,ऋषठनातः,रिशतानाता
dviarthi,दवियौरथी,दविअरथी
chootile,थतिल,चटील
hattiesburg,हॉीएबरग,हटीजबरग
yoojee,यजी,यजी
raaj,राज,राज
raigulization,रगलीईजशन,रगलाइजशन
vindhya,विधया,विधया
fixingah,फॉकसीगढह,फिकसिगः
kamjor,काजोर,कमजोर
bhara,हॉपा,भरा
chaudhavan,चौधवन,चौदहवा
falne,फान,फलन
shrunkhla,शरखला,शरखला
vipannta,विपणता,विपननता
proofread,परफीा,परफरीड
zamana,जमधणा,जमाना
ghataaegee,घटाएगी,घटाएगी
danga,डनगा,दगा
erica,ईरिका,एरिका
bhola,भोला,भोला
vyakhyatmakta,वञौखआॉटमकता,वयाखयातमकता
yojnah,योजनःथ,योजनाः
webuniyadee,वॉनियादी,वबनियादी
rumani,रमानी,रमानी
sahu,सा,साह
pradhaannagar,परधाणगव,परधाननगर
seattle,जिटल,सीऐटल
stain,सटा,सटन
insaani,इसावनी,इनसानी
hamla,हमला,हमला
nutrio,नषटरिओो,नयटरियो
ladadd,लढति,लदड
antadiyan,ऐटडिया,अतडिया
kushwaha,कशवघहा,कशवाहा
kochchih,कोचभिह,कोचचिः
ganapathy,गणपथि,गणपति
farmic,फारमिच,फारमिक
padengee,पढगी,पडगी
arth,एरथीहचचचफफफलल,अरथ
mukarrar,मकरि,मकररर
niptakar,निपटकर,निपटाकर
holidays,होलीदय,होलिडस
cooch,कथ,कच
utthak,ईतखा,उठठक
sulkhan,सलझान,सलखान
kamere,कमरी,कमर
jagayega,जघपएचा,जगाएगा
santree,सतरी,सतरी
shakhsiyaten,शौसियतनण,शखसियत
panchang,पछदग,पचाग
zalana,जलमणा,झालाना
nitya,निटया,नितया
ichchhee,इचभी,इचछी
habra,हॉरा,हाबरा
paaliyon,पालियो,पालियो
azoospermia,एजॉपरमिया,एजसपरमिया
taavij,ताविग,तावीज
foodworks,फडवरकस,फडवरकस
graham,गराम,गराहम
prabhaanmantree,परखानमटकी,परभानमतरी
seth,सथ,सथ
jagtap,जगतप,जगताप
harshit,हरषित,हरषित
dubna,दबना,डबना
raktadataon,रकटडधनौओ,रकतदाताओ
mexico,मकसिचॉर,मकसिको
tasir,तािर,तासीर
eyarkandishnar,ईयारकडदषनर,एयरकडीशनर
eddi,ईदी,एडडी
macon,मकोन,मकॉन
israni,ईसरानी,इसरानी
ainth,ऐथ,ऐठ
shreemahapurn,शरीमहपटण,शरीमहापरण
dork,डॉरक,डॉरक
jeenon,जीनो,जीनो
ghareebon,गरीबो,गरीबो
taraashakar,तासशको,तराशकर
observer,ओबसटवर,ऑबजरवर
aarya,परिा,आरयो
ukhad,ऊखा,उखड
saathsaath,सौतवऽठ,साथसाथ
packagon,पकाघोन,पकजो
hindon,हिदॉ,हिडन
aprihary,ऐफरिचा,अपरिहारय
manzil,मजिल,मजिल
lx,वलबमस,एलएकस
karvi,कामी,करवी
dubhashiyon,दभाषियो,दभाषियो
rikannekting,रीकणसटलग,रिकनकटिग
wind,विनो,विड
client,कलाउटो,कलाइट
shararat,हरणगत,शरारत
ventura,वतरा,वचरा
rollins,रॉलिनस,रोलिस
haynes,हॉो,हनस
niketan,निकटण,निकतन
krantiyon,कराठथियो,करातियो
twin,टविन,टविन
divya,दिवया,दिवय
gidgidate,गॉदबीअट,गिडगिडात
nigmaayukt,निजमायकत,निगमायकत
gabalee,गौलि,गबली
novato,नौवतो,नोवाटो
rishwatkhor,ऋिशवतखोर,रिशवतखोर
faansi,हासि,फासी
garjana,गरजना,गरजना
nihlani,निभलाणी,निहलानी
pintaa,फिता,पिटा
greer,गरिउ,गरीर
lewisville,लवीसमिच,लविसविल
prakaashit,परकाशित,परकाषित
clariant,कलरियट,कलरिएट
khaayal,हायल,कायल
dwiarthi,दवियौरथी,दविअरथी
raakhe,राख,राख
bulandshahr,बलनशधह,बलदशहर
stafford,सटारोद,सटफोरड
najariyon,नजरीयो,नजरियो
world,वॉउलड,वरलड
jeevniyaan,जीवणिया,जीवनिया
parmeshwarpur,पामशवलीत,परमशवरपर
uthanee,ऊथाी,उठनी
nyootriyo,नभटरियो,नयटरियो
jetha,गथा,जठा
baagbagichon,बागदढईीचो,बागबगीचो
suchikitsaa,शचीकोतपा,सचिकितसा
nagmandal,नामधलल,नागमणडल
pradadhikariyon,परदगधीकावियो,परदाधिकारियो
urvarta,ऊऋवॉता,उरवरता
neal,निअॉ,नील
kriptocurrencyon,कविइटोचयरशन,करिपटोकरसियो
svaayattshaasan,सवळयटषचॉओन,सवायततशासन
zarda,गरदा,जरदा
uplakshya,ऊपलकषय,उपलकषय
chhudwaya,झडवययो,छडवाया
vidagdhaa,विदगढाउ,विदगधा
mukhyamantripatana,मखयवतरीपटानण,मखयमतरीपटना
gene,गन,जन
ratanpur,रतनपि,रतनपर
mhantam,महटर,महानतम
guna,गणा,गना
mtech,मतकषहररढढढलल,एमटक
denevali,दनवाी,दनवाली
naabhikund,नाभिकडण,नाभिकड
visheshanon,विशखणो,विशषणो
langaron,लगरो,लगरो
polythenon,पालीठनन,पॉलिथीनो
sambit,साखिट,सबित
dhundh,ढन,ढढ
haan,हान,हा
takra,टकरा,टकरा
dhandhekhori,धनखोरी,धधखोरी
pulinde,पलिनड,पलिद
epoklips,इपोकलिसस,एपोकलिपस
vigyaanapeediyaa,विजञानपदडधयो,विजञानपीडिया
mahoney,महोनीय,महोनी
poonjitantra,पजीटधरा,पजीततर
khare,हरी,खर
ekstactor,एकसटाचर,एकसटकटर
zunheboto,जनहबॉटो,जनहबोटो
priyamani,परियमणी,परियामणि
sawaal,सवाल,सवाल
sukhakar,शखाकर,सखाकर
aalochak,आलोचक,आलोचक
phaans,हान,फास
jayalalitaa,जयलमिटा,जयललिता
amjhera,अमझरा,अमझरा
bombay,बोमचय,बॉमब
vyagra,वयौघरा,वयगर
apnani,ऐपनाधी,अपनानी
risane,रिसा,रिसन
chhure,हर,छर
charlotte,कारलोटी,शारलट
jose,जोस,जोस
raileeh,रलीह,रलीः
mejbaan,मजभान,मजबान
dhandhanya,धननय,धनधानय
dabur,डाउर,डाबर
bsss,बीपसएन,बीएसएसएस
najib,नाीब,नजीब
avsthayen,ऐविथायो,अवसथाए
jabalpur,जबलपर,जबलपर
dharmanirpekshtaake,धरमनिपपकषटाओ,धरमनिरपकषताक
farmer,फामो,फारमर
nacl,नाकशील,एनएसीएल
somerville,सोमरविल,समरविल
bull,बि,बल
jhulae,हलाय,झलए
khagyaar,खजञार,खगयार
meharaam,महरात,महराम
dhasmana,धसमाणो,धसमाना
ripan,रिपण,रिपन
bhagdaud,भगडौउ,भागदौड
mithya,मिथया,मिथया
lalaaniyaa,लॉआणियो,ललानिया
bhulon,हलो,भलो
vadali,वडलि,वडाली
nagappattinam,नाफपतषिणम,नागापटटिनम
vaimanya,वतणया,वमनसय
biggest,बिगसटो,बिगसट
jodta,जोदता,जोडता
mahattaron,महतटरो,महततरो
orchha,ओरछा,ओरछा
dhairyavaan,हरयवान,धरयवान
sund,सना,सड
prince,परिनो,परिस
zuban,जबा,जबान
camstudio,कमशथडियो,कमसटडियो
yooropiyaa,नोरपिएा,यरोपिया
meza,मजा,मजा
bhusawal,हसवॉल,भसावल
gayatri,गयातरि,गायतरी
ware,वॉर,वयर
buddhizeevon,बदहिजपवो,बदधिजीवो
enth,ईथिहहहढररललल,ऐठ
radar,रदा,रदर
ilayachi,इलाधची,इलाइची
ubaal,ईबाल,उबाल
shreeganganagarwaasiyon,शरीघणणावरबासियो,शरीगगानगरवासियो
fitzgerald,फिटजरवलड,फिजरालड
jeevanshaili,जीवणषलल,जीवनशली
chart,हाउट,चारट
sargi,साघी,सरगी
vedon,वडोन,वदो
murmur,मरिा,मरमर
bhaate,हात,भात
wipkha,विपखा,विपख
bayaane,हयान,बयान
madanaganja,मडनरगजञ,मदनगज
packageon,पकबिो,पकजो
varnankartaaon,वरणचकषताओ,वरणनकरताओ
jyada,जयपडा,जयादा
lokotsaw,लॉकथतसव,लोकोतसव
tewree,टवरी,तवरी
jhaugunj,झाउज,झाउगज
malwan,मॉवरन,मालवान
tadanrusti,तदनरसचि,तदरसती
el,ईलीनरररछछछढ,ऐल
qabzaa,कभजा,कबजा
susanskrit,सजाकरि,सससकत
sandhol,सढोल,सधोल
aamariyapadha,आमरियापढह,आमरियापाडा
haabban,हॉबिन,हाबबन
bowling,बोलिग,बाउलिग
rasme,रसम,रसम
emdablyupiel,एमदबरयपील,एमडबलयपीएल
vidhaaon,विधाओ,विदयाओ
bowie,बोवीन,बोवी
chennai,खनाई,चननई
kamaljeet,कालजीत,कमलजीत
singha,सिघा,सिहा
pensiondhariyon,पशीघारियो,पशनधारियो
barah,बरथ,बारह
dubana,दबतणा,डबना
esetal,ईसता,एसटल
chouhan,खोहा,चौहान
phalne,हॉन,फलन
siddhaarthah,सिदधारथः,सिदधारथः
apex,एपीस,एपकस
dalton,डलतन,डालटन
shrikhand,शरीखण,शरीखड
textiles,टकसथालो,टकसटाइलस
agarwal,आगरवाल,अगरवाल
mithyaachariyon,मीथयाचधरिओो,मिथयाचारियो
cement,समन,सिमट
kraanfrensing,कराउफषसिग,करानफरसिग
sanskrutiyon,साकटधियो,ससकतियो
dhankkar,हनिर,ढककर
nizamabad,निजामौबढद,निजामाबाद
chhatenee,झतनी,छतनी
dushkriyaa,दषकरिया,दषकरिया
sasaram,सयरिम,सासाराम
chidhte,छिधत,चिढत
lamba,लमबा,लामबा
lautis,लॉतिस,लउटिस
khaen,हानयीईईऐञञऋ,खाए
dhndhe,ढनत,धध
antayant,ऐटयको,अनतयनत
mass,हाो,मास
baraamad,बरआमडद,बरामद
kremistry,कवमिसटरी,करमिसटरी
uthanevale,ऊथनवॉल,उठनवाल
lehna,लघना,लहना
siragitti,सिरौगधतठी,सिरगिटटी
control,कानटरोल,कटरोल
andaajee,ऐनदाजी,अदाजी
cateline,कतलिइन,कटलिन
pakshpat,पकषठत,पकषपात
fodo,फिदो,फोडो
franciska,फरनइिषखा,फरासिसका
prayogaprushth,परयोगदशषठ,परयोगपषठ
krantidhara,करणनिधडडा,करातिधरा
daishwala,दशवॉला,डशवाला
khurasan,हरासन,खरासान
quarantine,कवॉरटिन,कवॉरनटाइन
fond,फोन,फोड
pakshapat,पकषणत,पकषपात
putla,पतला,पतला
truth,टरथ,टरथ
sathsath,सौठवभ,साथसाथ
mohim,मोहिष,मोहिम
johnson,जौहणसन,जॉनसन
cpm,सिपरएम,सीपीएम
bataaya,खटआयो,बाताया
palmer,पाउमर,पालमर
tughlaqabad,तघलाकरबडद,तगलकाबाद
apcotex,एपीोटिस,एपकोटकस
hairam,हपाम,हरम
sarebajar,शरिखजड,सरबाजार
jerusalem,जरसाम,यरशलम
mold,मॉलड,मोलड
warnankartaaon,वरणनकषताओ,वरणनकरताओ
hooper,फपर,हपर
waters,वटरस,वाटरस
lubhaate,लभात,लभात
fefda,फिदा,फफडा
kamottejna,कॉोठतजना,कामोततजना
dampati,दमपटि,दपति
soya,सोया,सोया
barbartapurna,बॉीईतौपषण,बरबरतापरण
tadipar,तढिपर,तडीपार
lutf,लटिोफफफशऽऽऽऽ,लतफ
tariko,ताीको,तरीको
chataa,खटा,चता
pittman,पितमन,पिटमन
pahla,फहला,पहला
multimedia,मलटीजदिया,मलटीमीडिया
tyohaar,तिोहार,तयौहार
label,लबि,लबल
le,लीारचऔऔऔढढझ,ल
tirthatan,तिरथॉण,तीरथाटन
satuaa,सथआ,सतआ
vargas,वॉगजस,वरगस
dabolim,डाोलिम,डाबोलिम
soochnaah,शखाः,सचनाः
labelling,लबसिग,लबलिग
roseville,रॉजविल,रोजविल
phaaeebrets,हाईबरटस,फाईबरटस
aalto,ऊलतो,ऑलटो
partanee,परतनी,परतानी
asmitaon,ऐसमिटाओ,असमिताओ
want,वॉो,वाट
tadpatee,तडपटी,तडपती
patel,पतल,पटल
kaaji,काजी,काजी
dostanapurna,दोसतानपरण,दोसतानापरण
kshetron,कषटरो,कषतरा
lynch,लिचोहमछढढऽऽ,लिच
state,सटा,सटट
ragon,रगोन,रागो
malhotra,मलहोतरा,मलहोतरा
pragyatantra,परजञटनध,परजञाततर
duneerti,दनगरति,दरनीति
crosse,करोउी,करॉस
avyavasayi,आवयगसती,अवयवसायी
dhiryawaan,ढीरयवान,धरयवान
time,टिम,टाइम
ashariri,आशािरण,अशरीरी
chandradas,चणराासो,चनदरदास
jyotishi,जयोतिषी,जयोतिषि
alexandria,एलकसनदरिया,एलकजडरिया
bewakoofaanaa,बीकफणना,बवकफाना
sirpur,सिरपौ,सिरपर
uzbek,यजबक,उजबक
kharuvaar,खरवाउ,खरवार
dharmaviheenataa,धरमविहीनता,धरमविहीनता
surendranagar,शरडधागढ,सरदरनगर
aalha,यलहा,आलहा
arunachal,ऊरणाचल,अरणाचल
krueger,कवगो,करएगर
bagli,बाली,बागली
davindarpaal,दविनरपाल,दविनदरपाल
chaplusi,थपलसी,चापलसी
sanskariyon,सदकारियो,ससकारियो
engines,इगिनो,इजनस
mendez,मडर,मडज
siyah,सियाह,सियाह
gujaarane,गडारण,गजारन
gajara,गडरि,गजरा
kavi,काि,कवि
midnapore,मिडनाफोर,मिदनापर
vrutton,वयटन,वततो
sirmon,सिरमोन,सिरमोन
vartman,वॉतमन,वरतमान
ubhrega,ऊभरगा,उभरगा
pilot,पिलोट,पायलट
narbhakshi,नरभकषि,नरभकषी
entreeks,ऐनरीकस,एटरीकस
dayton,दयटो,डटन
badoo,बदो,बड
allrounder,एलिाउनर,ऑलराउडर
nishra,निशरा,निशरा
wadhawan,वढहयन,वधावन
jensen,जसथ,जनसन
pali,फाि,पाली
trimasik,तरीमासिक,तरमासिक
attraikt,एतराि,अटरकट
vavidyaalaya,वढिदयालख,वविदयालय
chandan,धदा,चदन
mega,मगा,मगा
mansfield,मनफीलड,मनसफीलड
mattancheri,मॉताचरि,मटटानचरी
navketan,नवकता,नवकतन
kamtar,कॉतर,कमतर
pityooniya,पिटओनीया,पिटयनिया
purooshottampur,परओषटतमळि,परषोततमपर
tapan,टपन,तपन
jubaan,जभान,जबान
enseeaardablyoosee,एनिजारबधहोीच,एनसीआरडबलयसी
haimbalin,हतबॉलिन,हमबलिन
aaraam,आराम,आराम
yashpal,यशपाल,यशपाल
wokha,वोभा,वोखा
chhetri,छतरी,छतरी
omaxe,ऊमास,ओमकस
parween,पावीन,परवीन
kukreja,कौरजा,ककरजा
premphalah,परमफलभह,परमफलः
narmi,नामी,नरमी
shrinkhalaon,षिलाओ,शरखलाओ
avrodhak,आवरौखक,अवरोधक
teeron,टिरोन,तीरो
ganesha,गणशा,गणशा
jhada,झडा,झाडा
anupama,ऐनपमा,अनपमा
talabgaar,तळलबघडर,तलबगार
bindal,जिदा,बिनदल
zavala,जवॉला,जवाला
aamriyapada,आमरियादढ,आमरियापाडा
pratinidhikaree,परतिनोधयकाी,परतिनिधिकारी
halmatpuraa,हलमटपरा,हलमतपरा
boodam,बदा,बदम
macias,मशियाज,मकियास
medical,मडिकल,मडीकल
respecting,रीसपकटिग,रिसपकटिग
ranjkta,रणकता,रजकता
da,डा,दा
suction,सकथन,सकशन
bhumi,हमि,भमी
tyoharon,तिौहरण,तयौहारो
rangate,रगत,रगत
uttra,यतिआरामस,उततरा
penshandhaariyon,पणःधारियो,पशनधारियो
karykartaaon,खवइिोरताओ,कारयकरताओ
vidyaaon,विधयाओ,विदयाओ
dafan,दफन,दफन
sarhind,सरघिन,सरहिद
khaaskar,हासकर,खासकर
raith,रथिउ,रथ
gudagaunw,गडाऊपव,गडगौव
sahab,सहब,साहब
udaanon,ऊडानो,उडानो
majesco,मजसको,मजसको
pushpa,पशमा,पषपा
keshari,कशाि,कशरी
bombi,बोमची,बाबी
kargil,काघिल,कारगिल
takara,टकरि,टकरा
biji,बिजी,बिजी
chrome,करोम,करोम
stithi,सटिघी,सतिथि
gulf,गलप,गलफ
kaaloniwaasiyon,कौउफनीवासियो,कालोनीवासियो
aavritiyon,डवतियो,आवततियो
suhanubhooti,सहाबति,सहानभति
chamach,खमन,चमच
virodhabhasi,विरोधाभसी,विरोधाभासी
saabhaar,सौधर,साभार
allcargo,एलकारगो,ऑलकारगो
harana,हरणना,हारना
avyavasayee,आवयगसथी,अवयवसायी
pravinses,परविनस,पराविसस
chhetthari,छतरा,छतरी
pratishthi,परतिषठी,परतिषठी
sapa,सपा,सपा
patki,पाकी,पटकी
parchiyon,परचियो,परचियो
prativad,परतिवाद,परतिवाद
liphaaphaa,लिफॉऊा,लिफाफा
darshana,दरषनत,दरशाना
garrison,गरिसन,गरीसन
aakandon,यकडो,आकडो
dhandon,धणो,धधो
distreebyootaree,डिसटरहबयोरी,डिसटरीबयटरी
khatri,हारी,खतरी
panjika,पजीका,पजिका
baatah,बातः,बातः
ravaley,रवली,रावल
kangan,कगण,कगन
premaatmak,परिातमक,परमातमक
sipahi,सिपाी,सिपाही
notebandishuda,नोटबडिषधा,नोटबदीशदा
devlaha,दवलघहा,दवलहा
halla,हॉिा,हलला
jhamaaten,झमातनणणीञ,जमात
massey,हसती,मसी
usak,यसक,उसक
pitamah,पिटाधः,पितामह
vivaranahbhaarateey,विशरणहबातीय,विवरणःभारतीय
nagercoil,नारबकॉउ,नागरकोइल
lakhkhi,लाधी,लखखी
achhi,एची,अचछी
satin,सतिन,सटिन
nagpur,नाफर,नागपर
basirhat,बसिरथत,बसीरहाट
chhelai,झलाई,छल
ubarkar,ईबाको,उबरकर
sanyuktavastha,सयकतवलथा,सयकतावसथा
suri,सरि,सरी
bhapaai,हपाई,भपाई
vyaktigat,वयकषिगट,वयकतिगत
mhathir,महटिर,महाथिर
flesh,फलश,फलश
rashtrak,ऋाषटमक,राषटरक
raajbhaaee,राझभकई,राजभाई
hong,हॉग,हॉनग
langron,लगरोन,लगरो
subhaay,सभाय,सभाय
fund,फणा,फड
flowers,फलोवरस,फलावरस
uthane,यघा,उठन
badaa,बडा,बडा
mishra,मिशरा,मिशरा
shat,षा,षट
manhattan,मघठतटन,मनहटटन
sarguja,सरघजञ,सरगजा
evening,इवीिग,ईवनिग
grahankaal,गरःनकाल,गरहणकाल
bagali,बगलि,बागली
neeoo,निओ,नीऊ
mundwa,मणवा,मडवा
tolasan,तोलासन,तोलासन
jedateeisaft,जणतचिसॉथ,जडटीईसाफट
naagmandal,नागमणल,नागमणडल
kanaal,कनाल,कनाल
machilipatnam,मचिलीपटना,मछलीपटटनम
felix,फलिकस,फलिकस
hastaksharon,हसताखषरो,हसताकषरो
bhilai,हिलाई,भिलाई
contracting,कॉउरबटिग,कॉनटरकटिग
qraar,कवाउ,करार
jaun,गौन,जौ
bhaloo,हलो,भााल
fortis,फॉरटिस,फोरटिस
girijagharon,गिपीझाथौो,गिरजाघरो
jainon,जनो,जनो
arthavyavasthaah,आरखळयवसथाः,अरथवयवसथाः
oxys,ओकसिज,ऑकसीज
khitabon,खिटाऊोन,खिताबो
enka,ईना,एनका
chashma,खशमा,चषमा
batao,बटाओ,बताअा
ghrutakumaaree,गटकमावी,घतकमारी
pratestent,परॉसटन,पराटसटट
bauer,बउर,बयर
lakshmidhar,लकषमधढार,लकषमीधर
siyasi,सियादी,सियासी
upyogitawadiyon,उपयोगीतावादियन,उपयोगितावादियो
toogaa,टगा,टगा
samadjiyon,समदजियो,समाधियो
khurpaka,हरपको,खरपका
kumavat,कमावत,कमावत
mwp,एमविपी,एमडबलयपी
suraj,सराज,सरज
neuroscientists,नयरोसाएथिगतम,नयरोसाइटिसटस
chandreshwaranagar,खदमशवरणगघ,चदरशवरनगर
tanish,तािश,टनिस
farukhnagar,फौखनगढ,फररखनगर
awaazon,आवाजो,आवाजो
najraane,नजराण,नजरान
pashuchaaraa,पशचौरो,पशचारा
webuniyadi,वकनियाडी,वबनियादी
danbury,डॉउरी,डनबरी
naidillee,नदिलपी,नईदिलली
chhalla,छॉता,छलला
rowan,रोवान,रोवन
sheopur,शिउर,शयोपर
rawlani,रॉउनि,रवलानी
sanvaree,सवरी,सवरी
dhaak,हाक,धाक
masse,हाो,मसस
insurance,इनपरो,इशयोरस
samprbhuta,सपरघटा,सपरभता
raashtraa,ऋॉषटगण,राषटरा
jauhari,झौधरी,जौहरी
judai,गडाई,जदाई
badamaashon,बदमाषो,बदमाशा
khitaabon,खिटाऊो,खिताबो
swayam,सवयम,सवय
aagah,यगढ,आगा
dhindhwal,झिनवाल,ढिडवाल
ghise,गिसोउपईईऑऑऑ,घिस
sappaanwaalee,सपझणवाली,सपपावाली
nikharen,निभरो,निखार
baadhit,बाधित,बाधित
brahmapur,बरहमापय,बरहमपर
baytown,बयटोव,बटाउन
koling,कोलिग,कोलिग
samadhiyon,समढियो,समाधियो
yooniyanwaadi,यफिजजवाडी,यनियनवादी
chhapemar,ढपिबर,छापमार
gareebon,गरीबोन,गरीबो
thousand,थौउडन,थाऊजड
dasila,दशिला,डसीला
kanjentevaaitis,कणनवळाइटिस,कजटवाइटिस
badhaon,बढौओ,बाधाओ
lagega,लगिा,लगगा
durghatna,दरघतना,दरघटना
nitiyon,नीटियो,नितियो
capdhari,कपघाि,कपधारी
atri,एटरि,अतरी
singam,सिगा,सिगम
vastvik,दासतरिक,वासतविक
substensis,सबकटनिइ,सबसटसिस
peelepan,पीलडण,पीलपन
uthnee,ऊथनी,उठनी
handiyaa,हणिया,हडिया
pratirakshi,परतिवकषी,परतिरकषी
lalkarta,लॉइकरता,ललकारता
dukaanon,दकानो,दकानो
nividaataon,निवजदातौओ,निविदाताओ
sarvjaateeya,सरवोौतियण,सरवजातीय
narsanharon,नरसथहकॉ,नरसहारो
neemkathana,नीमखठाा,नीमकाथाना
herrera,हइिा,हररा
junun,जणो,जनन
ikai,इकान,इकाई
jagdalpur,जगदलपर,जगदलपर
swiftlet,सविफटलक,सविफटलट
jalagati,जलगति,जलगति
pitts,पिटनो,पिटस
ropi,रोपी,रोपी
adanga,आदनगा,अडगा
alasi,एलाशी,आलसी
chaukiyan,हौकिया,चौकिया
layton,लयटन,लटन
vakrangee,वॉरगी,वकरगी
development,डिलपमट,डवलपमट
shawnee,शाणी,शॉनी
pardesiyon,पादसियो,परदसियो
bhoogol,हगोल,भगोल
bagichi,बािची,बगीची
sivan,सिवाण,सिवान
stray,सटरॉ,सटर
aalsi,एलसी,आलसी
view,विउो,वय
vishhin,विषठन,विषहीन
kissagoi,किसाघोई,किससागोई
mahanideshak,महाईीदशक,महानिदशक
chikitsaevam,चिकीतसौउम,चिकितसाएव
bhattacharya,हॉताचारय,भटटाचारय
trenton,टरिो,टरटन
kanyaein,कणयए,कनयाए
priyadarshini,परियौदकषिणी,परियदरशिनी
hukhookh,हको,हकक
shulkah,शलकाह,शलकः
rane,रण,राण
mahavidya,महरविदयो,महाविदया
sanshyon,सायो,सशयो
shreneeh,शरणिह,शरणीः
odom,ओडॉम,ओडोम
benitez,कणिटो,बनिटज
tyohar,तिोहा,तयौहार
matiyaanaa,मटियानः,मतियाना
shavyaatra,शवयातर,शवयातरा
rishtey,रिशटय,रिशत
rehaana,रहआनो,रहाना
qss,कीनएम,कयएसएस
anaavashyak,ऐनावशयक,अनावशयक
rijhaayaa,ऋिजायक,रिझाया
brigade,बरिगड,बरिगड
sapane,सपन,सपन
chuneen,छणी,चनी
koshadhikaari,कोशघिजारी,कोषाधिकारी
karab,करभ,करब
paltane,पॉतडन,पलटन
karneshwardham,कॉणशवरधाम,करणशवरधाम
aaryanas,आरिणनोस,आरयनस
pratishthanon,परतिषठणो,परतिषठानो
karaikal,करिइटॉल,कराईकल
uski,यसखी,उसकी
vipreetataa,विपरीटथा,विपरीतता
parikshao,परिकषॉओ,परीकषाओ
fyuji,फयजी,फयजी
laaminaar,लॉमिनार,लामिनार
jutati,जठाि,जटाती
kaushik,खाशिच,कौशिक
bekaaboo,बकाऊो,बकाब
nano,नाो,ननो
orissa,ओरिशा,ओडिसा
tomar,टोमा,तोमर
ropee,रोपी,रोपी
thappadhabaajhee,थपरधबाझी,थपपडबाजी
baabat,बागत,बाबत
attahasa,ऐतिहसा,अटटहास
colan,कोला,कोलन
pratileetar,परतिलीनध,परतिलीटर
bhusi,हसि,भसी
haliyaa,हलिया,हलिया
utpeedan,यतपीदा,उतपीडन
pope,पोउ,पोप
karkhele,करभल,करखल
bahulya,बहलया,बाहलय
aswbhavik,अशवछािक,असवभाविक
kathhnaeeyon,कथनाइयो,कठनाईयो
ramjeelaal,रहमजीलाउ,रामजीलाल
vasulta,वसलटा,वसलता
mukhyamantri,मखयातरि,मखयमतरी
maria,मरिया,मारिया
satmev,सामव,सतमव
baksa,बकषा,बकसा
udar,ईडा,उदर
man,मा,मन
buddhijivon,बदधिजीवो,बदधिजीवो
sudip,सडिप,सदीप
jodo,जौदो,जोडो
tasdeek,तादीक,तसदीक
nikaalni,निकालणी,निकालनी
bhatkaanaa,छटकडना,भटकाना
harna,हरणा,हारना
dillon,दिलोन,डिललो
registerd,रजिसटाड,रजिसटरड
bhandara,हणपरा,भडारा
lalaniya,लॉणीया,ललानिया
lima,लिमा,लिमा
lalkrishna,लॉकषणन,लालकषण
ratnabhooshan,रतनभषण,रतनाभषण
sparivar,सपरिवा,सपरिवार
sah,सा,साह
sametti,साति,समटती
pyria,पीयरिआा,पाइरिया
maamalonmen,माइलोनष,मामलोम
braat,बरात,बरात
vaiisan,विइसन,वइसन
villa,विला,विला
linda,लिना,लिडा
khariya,हरिया,खरिया
chellani,चलाणी,चलानी
electronics,इलकटरोनिचस,इलकटरॉनिकस
rishiraj,ऋषीराज,ऋषिराज
udaipur,ऊडिर,उदयपर
pagla,पजला,पगला
ritukaant,ऋिकान,ऋतकात
kurmi,करमी,करमी
dastaanaa,दसताणः,दसताना
emrald,इमरॉलड,एमरलड
ghumaaee,हमाई,घमाई
updraviyon,उपदरवियो,उपदरवियो
oklahoma,ओकलाहोमा,ओकलाहोमा
dharmaraajne,धरमोाजन,धरमराजन
jhaohuee,झौउड,झाओहई
uppidan,यपरिधा,उपपीडन
khemik,खमिक,खमिक
tugalki,तगौकी,तगलकी
duar,डअर,दोआर
avi,एवी,अवि
jadet,जदत,जडित
taiboo,तबो,टब
programmers,परोगबामयकस,परोगरामरस
taylorsville,टाइरसविल,टलरसविल
chadron,ढदरो,चादरो
racer,रसट,रसर
bhakaa,खका,भका
andhabhakto,अधभकतो,अधभकतो
obrayan,ओबरायण,ओबरायन
krutya,करतया,कतया
peeran,पीरा,पीरान
najriyon,नारियो,नजरियो
mayur,हयो,मयर
chaudhawan,चौधवन,चौदहवा
swargadoot,सवरगडत,सवरगदत
feka,फका,फका
independet,इनपरट,इडिपनडट
tinkaa,टिका,टिका
gurdon,गरडॉ,गरदो
jaatiyon,जातियो,जातियो
samanwayaka,समनवययका,समनवयक
sube,सब,सब
chandana,धदतना,चदन
praarambhikataa,पराजमखिकतय,परारभिकता
trap,टरप,टरप
udant,ईडाो,उदत
dynamatic,डाइनमटिक,डायनामटिक
vidyuteekrit,विधयथीकर,विदयतीकत
lalaniyaa,लॉणीया,ललानिया
wadaraa,वडरा,वदरा
ved,वद,वड
fadfadaen,फडमााए,फडफडाए
traded,टरडि,टरडड
akhuaapaadaa,आहौपॉडा,अखआपाडा
saraha,सरघी,सराहा
vigyaanvaadiyon,ऋीजञआनरादशयो,विजञानवादियो
kamzor,काजोर,कमजोर
youngstown,यौउगटरफन,यगसटाउन
aaryam,ौरिम,आरयम
patkathaein,पतकथहए,पटकथाए
bajpai,बादपीई,बाजपयी
jassee,जसि,जससी
nau,नौउरीओऔऔऑऑछझ,नाऊ
evav,ईवा,एवव
lagataar,लगतार,लागातार
suman,समा,समन
padanee,पढनी,पडनी
mindtree,मिनदरी,माइडटरी
distributary,डिसटरहबयचरी,डरिसटरीबयटरी
jankaron,जनचरो,जानकारो
shankacharaachaarya,शकतराधावयो,शकचराचारय
offshore,ओफशोर,ऑफशोर
dukhon,दखो,दखो
nesco,नसको,नसको
phooltee,हलती,फलती
tools,टलस,टलस
verger,वरजो,वरगर
dumghontu,दमघोट,दमघोट
videoh,वाडयोह,वीडियोः
rajman,रॉजमणन,राजमा
aatmamugdh,आतमबगढ,आतममगध
rockford,रॉकफौगड,रॉकफोरड
mitra,मिटरा,मितरा
devnaar,दवनार,दवनार
ocoee,ओकोई,ओकोई
uttariya,ऊतमरिया,उततरिया
kainawij,कनालि,कनविज
galaxion,गलकषन,गलकसियो
jivaniya,जिवणधया,जीवनिया
hakikat,हकीबत,हकीकत
eliminator,इलीमानटर,एलिमिनटर
augustine,यगसटीन,अगसटाइन
kar,का,कर
bitane,बिटा,बीतान
daftarwale,दफतरवाल,दफतरवाल
bairaadh,बराध,बराढ
kambalon,कमलोनन,कबलो
jwar,जया,जवार
fatama,फटमदा,फातमा
vives,विइजो,विवस
dwt,डिवथटी,डीडबलयटी
dhaatuein,हातओईननसऋ,धातए
siyaha,सियःढॉ,सियाह
pitne,पिटन,पीटन
bichchon,बिछौन,बिचचो
jita,जिटा,जिता
sevala,सवॉला,सवाला
bataur,बटौर,बतार
aditya,ऐदिटया,आदितया
kshetren,कषटरण,कषतर
ankeny,एकवी,एकनी
chheter,छतर,छतर
mukarte,मकरत,मकरत
enthe,ईथ,ऐठ
balty,बॉती,बालटी
khangaali,झगाली,खगाली
beeeseses,हीजरो,बीएसएसएस
banjajasam,बजफपम,बजजसम
pushpit,पशमित,पषपित
linmarga,लिनमॉरघा,लिमरग
pereddy,परदॉी,परडडी
bodara,बोडरपा,बोदरा
focus,फॉकस,फोकस
dootaay,गटय,दताय
sreeleathers,शरीलाअथट,शरीलदरस
mahankmadaan,महकषडान,महकमदान
ghunsa,हसा,घसा
kaavyavidhaaon,कावयिदहऊओ,कावयविधाओ
kshatriyaadi,कषटरियादी,कषतरियादि
jaankaaron,जौनकभरो,जानकारो
rakhna,रखना,रखना
rishtedaaro,ऋषटदारो,रिशतदारो
shravani,शरवनि,शरावणी
kubuddeen,कभदवीन,कबददीन
jewellers,जीलरस,जवलरस
mehaman,महता,महमान
rojlin,रोजलिन,रोजलिन
jaikara,जयकरा,जयकारा
chabutre,हबतर,चबतर
haradil,हरादिल,हरदिल
truck,टरक,टरक
neurovascular,नयरोवसचिलर,नयरोवसकलर
khelaane,खलान,खलान
stration,सटरशन,सटरशन
lakshayatirth,लकषयततीरथ,लकषयतीरथ
nations,नशिस,नशस
paathshaalaayein,पौठशवलयए,पाठशालाए
nivedanah,निवडाःह,निवदनः
lidaron,लिडारो,लीडरो
tanla,टनला,टनला
sevakon,सवको,सवको
poorvapekshaon,परवासकषणओ,परवापकषाओ
mani,मणि,मणि
somvar,सोमवा,सामवार
pran,परा,पराण
avegyanik,आवजञानिक,अवजञानिक
aviation,एविटशन,ऐवीऐशन
brown,बरौउव,बराउन
naakaam,नौकोम,नाकाम
adhivas,अधिवास,अधिवास
janjagran,जनगरि,जनजागरण
rajnandgaon,राजनदघौव,राजनदगाव
larry,लॉिी,लरी
bhalu,हा,भााल
tareeko,तरीको,तरीको
chicopee,चिकोपी,चिकोपी
refractories,ऋिफबकथोीज,रिफरकटरीज
baramad,बरमतद,बरामद
kav,कवो,काव
emerald,इमरालड,एमरलड
vivekaadheen,विजकाधीन,विवकाधीन
fadfadaaen,फडिधाए,फडफडाए
kaylana,कलगना,कायलाना
paints,पिो,पटस
pittsburgh,पितसबरघ,पिटसबरग
hokhat,होखा,होखत
chaurasiya,हौरसिया,चौरसिया
sacchidanand,सचिधानो,सचचिदानद
seide,सिार,सीड
charon,हाो,चारो
rizvi,रिजवी,रिजवी
clay,कलाय,कल
danpati,दापथि,दपति
doorgadh,दरगढ,दरगध
devapur,दवापर,दवापर
manwaayaa,मणायौ,मनवाया
latakkar,लतकिर,लटककर
mehmaan,महतान,महमान
niya,निया,निया
udhampur,ऊधापर,उधमपर
ataher,एताधर,अतहर
chhupata,ढपता,छपता
tungnath,तगणाथ,तगनाथ
raghupati,रघपति,रघपति
prakandh,परकनध,परकाणड
changed,घजद,चजड
gangtok,गणतोक,गगटोक
cricket,करिइट,करिकट
francisco,फरनइिसको,फरासिसको
bhagane,हगणी,भगान
adangaa,अदगा,अडगा
fixingh,फॉकसिघ,फिकसिगः
kamau,कमौउ,कमाऊ
tikone,टिकोन,तिकोन
pam,पा,पम
tarikon,ताीको,तरीको
aagaman,आगमण,आगमन
kidwai,किदवाई,किदवई
aashriton,यशतो,आशरितो
raghavan,रघवण,राघवन
janeudhari,जनउहरि,जनऊधारी
davenport,दवनपोरट,डवनपोरट
preranaapuree,परगणादखी,पररणापरी
mahasinh,महयषिनो,महासिह
lordaa,लोरदा,लोरदा
introduction,इटरॉौडकषन,इटरोडकशन
swabhavatah,सवभगतः,सवभावतः
grishmotsav,गणिशमोतवा,गरीषमोतसव
talaashegaa,तलआशगढ,तलाशगा
saharsa,सहरिा,सहरसा
mckay,मकायन,मक
moshe,मोष,मोश
granthiyan,गरथिया,गरथिया
lohaati,लोहाती,लोहाती
aliance,एलियनस,अलायस
tagde,टाद,तगड
chinke,हिक,छीक
siwan,सिवाण,सिवान
thaki,थाि,थकी
letakar,लटार,लटकर
hikariko,हिकारीयो,हिकारिको
tyres,टाइरो,टायरस
nrutyon,नरटो,नतयो
deerfield,दीरफालॉ,डियरफीलड
charit,ढरित,चरित
bethlehem,कठलहम,बथलहम
fineotex,फाइनौटकस,फिनोटकस
asahi,ऐसाठी,असाही
pehan,फहान,पहन
dhanshyaam,धशयाम,धनशयाम
faarensis,हारनिद,फारसिस
lahanaa,लहणा,लहना
dwarikesh,दवारिकष,दवारिकश
dubaana,दबॉनो,डबाना
karaboriyon,कारबौईियो,काराबोरियो
golamuree,गोलामरी,गोलमरी
raakhnau,राखनौउ,राखणौ
vipanak,विपणक,विपणक
punchang,पछाग,पचाग
breed,बरिद,बरीद
gullaravaalaa,गौरवाडय,गललरवाला
awp,एवपी,एडबलयपी
baji,बाी,बाजी
harpaal,हरपाल,हरपाल
premeshwar,परमशवा,परमशवर
prapt,पराट,परापत
naksalwaad,नकषलवाद,नकसलवाद
kanthahar,खठहर,कठहार
oxide,ओकसाइड,ऑकसाइड
khairati,हराटि,खराती
deshke,दषक,दशक
sunaseer,सनाीर,सनासीर
aphasaron,अफसरो,अफसरा
seho,सघो,सहो
chabate,हबत,चबात
miti,मिटी,मिति
belcha,गलचा,बलचा
saflata,सफलता,सफलता
shbana,शिगना,शबाना
khaatootolaa,खवतोलया,खातटोला
shivastava,शिवसतरा,शिवासतव
preranapuree,परिोनौची,पररणापरी
